INSERT INTO SS_categories (categoryID, name, parent, products_count, description, picture, products_count_admin) VALUES ('1', 'Автомобили', '0', '2', '', 'C1_jaguar.jpg', '0');
INSERT INTO SS_categories (categoryID, name, parent, products_count, description, picture, products_count_admin) VALUES ('2', 'Сотовая связь', '0', '23', 'Здесь можно найти телефоны и аксессуары к ним', 'C2_cphone.jpg', '0');
INSERT INTO SS_categories (categoryID, name, parent, products_count, description, picture, products_count_admin) VALUES ('3', 'Спорт', '0', '5', '', 'C3_RBaccess.jpg', '0');
INSERT INTO SS_categories (categoryID, name, parent, products_count, description, picture, products_count_admin) VALUES ('4', 'Аудио / Видео', '0', '3', '', 'C4_cplayer.jpg', '0');
INSERT INTO SS_categories (categoryID, name, parent, products_count, description, picture, products_count_admin) VALUES ('5', 'Напитки', '0', '1', '', 'C5_svetly_lezak.gif', '0');
INSERT INTO SS_categories (categoryID, name, parent, products_count, description, picture, products_count_admin) VALUES ('8', 'Mercedes', '1', '0', 'Пожалуй, самые респектабельные автомобили в мире', '', '0');
INSERT INTO SS_categories (categoryID, name, parent, products_count, description, picture, products_count_admin) VALUES ('9', 'Toyota', '1', '1', '', '', '1');
INSERT INTO SS_categories (categoryID, name, parent, products_count, description, picture, products_count_admin) VALUES ('12', 'Ролики', '3', '2', '', '', '3');
INSERT INTO SS_categories (categoryID, name, parent, products_count, description, picture, products_count_admin) VALUES ('13', 'Сноуборды', '3', '3', '', '', '3');
INSERT INTO SS_categories (categoryID, name, parent, products_count, description, picture, products_count_admin) VALUES ('14', 'Samsung', '2', '4', '', '', '4');
INSERT INTO SS_categories (categoryID, name, parent, products_count, description, picture, products_count_admin) VALUES ('15', 'Ericsson', '2', '3', '', '', '4');
INSERT INTO SS_categories (categoryID, name, parent, products_count, description, picture, products_count_admin) VALUES ('16', 'Аксессуары', '17', '0', '', '', '0');
INSERT INTO SS_categories (categoryID, name, parent, products_count, description, picture, products_count_admin) VALUES ('17', 'Nokia', '2', '11', '', '', '11');
INSERT INTO SS_categories (categoryID, name, parent, products_count, description, picture, products_count_admin) VALUES ('18', 'Siemens', '2', '5', '', '', '5');
INSERT INTO SS_categories (categoryID, name, parent, products_count, description, picture, products_count_admin) VALUES ('19', 'Аксессуары', '14', '0', '', '', '0');
INSERT INTO SS_categories (categoryID, name, parent, products_count, description, picture, products_count_admin) VALUES ('20', 'DVD', '4', '1', '', '', '1');
INSERT INTO SS_categories (categoryID, name, parent, products_count, description, picture, products_count_admin) VALUES ('21', 'mp3-плееры', '4', '2', '', '', '2');
INSERT INTO SS_categories (categoryID, name, parent, products_count, description, picture, products_count_admin) VALUES ('23', 'Книги', '0', '3', '', 'C23_pic_gifts.gif', '0');
INSERT INTO SS_categories (categoryID, name, parent, products_count, description, picture, products_count_admin) VALUES ('24', 'Lexus', '1', '1', '', '', '1');
INSERT INTO SS_categories (categoryID, name, parent, products_count, description, picture, products_count_admin) VALUES ('25', 'Одежда', '0', '3', '', 'C25_clothes.jpg', '0');
INSERT INTO SS_categories (categoryID, name, parent, products_count, description, picture, products_count_admin) VALUES ('27', 'Компьютеры', '0', '0', '', 'C27_comp.gif', '0');
INSERT INTO SS_categories (categoryID, name, parent, products_count, description, picture, products_count_admin) VALUES ('38', 'Зимняя', '25', '1', '', '', '1');
INSERT INTO SS_categories (categoryID, name, parent, products_count, description, picture, products_count_admin) VALUES ('39', 'Летняя', '25', '1', '', '', '1');
INSERT INTO SS_categories (categoryID, name, parent, products_count, description, picture, products_count_admin) VALUES ('40', 'Домашняя', '25', '1', '', '', '1');
INSERT INTO SS_categories (categoryID, name, parent, products_count, description, picture, products_count_admin) VALUES ('46', 'Алкогольные', '5', '0', '', '', '0');
INSERT INTO SS_categories (categoryID, name, parent, products_count, description, picture, products_count_admin) VALUES ('47', 'Безалкогольные', '5', '1', '', '', '1');
INSERT INTO SS_categories (categoryID, name, parent, products_count, description, picture, products_count_admin) VALUES ('51', 'Ноутбуки', '27', '0', '', '', '0');
INSERT INTO SS_categories (categoryID, name, parent, products_count, description, picture, products_count_admin) VALUES ('57', 'КПК', '27', '0', '', '', '0');
INSERT INTO SS_categories (categoryID, name, parent, products_count, description, picture, products_count_admin) VALUES ('58', 'Персональные', '27', '0', '', '', '0');
INSERT INTO SS_categories (categoryID, name, parent, products_count, description, picture, products_count_admin) VALUES ('63', 'Lotus', '1', '0', '', '', '0');
INSERT INTO SS_categories (categoryID, name, parent, products_count, description, picture, products_count_admin) VALUES ('64', 'Lamborghini', '1', '0', '', '', '0');
INSERT INTO SS_categories (categoryID, name, parent, products_count, description, picture, products_count_admin) VALUES ('71', 'Гарри Поттер', '23', '1', 'книги о Гарри Поттере', '15794s.jpg', '1');
INSERT INTO SS_categories (categoryID, name, parent, products_count, description, picture, products_count_admin) VALUES ('72', 'Дизайн', '23', '0', '', '', '0');
INSERT INTO SS_categories (categoryID, name, parent, products_count, description, picture, products_count_admin) VALUES ('73', 'Программирование', '23', '2', '', '', '2');
INSERT INTO SS_categories (categoryID, name, parent, products_count, description, picture, products_count_admin) VALUES ('74', 'Классическая', '25', '0', '', '', '0');
INSERT INTO SS_categories (categoryID, name, parent, products_count, description, picture, products_count_admin) VALUES ('75', 'Мультимедиа', '27', '0', '', '', '0');
INSERT INTO SS_categories (categoryID, name, parent, products_count, description, picture, products_count_admin) VALUES ('76', 'Домашние кинотеатры', '4', '0', '', '', '0');
INSERT INTO SS_categories (categoryID, name, parent, products_count, description, picture, products_count_admin) VALUES ('77', 'Велосипеды', '3', '0', '', '', '0');
INSERT INTO SS_categories (categoryID, name, parent, products_count, description, picture, products_count_admin) VALUES ('80', 'Мониторы', '27', '0', '', '', '0');
INSERT INTO SS_categories (categoryID, name, parent, products_count, description, picture, products_count_admin) VALUES ('81', 'TFT', '80', '0', '', '', '0');
INSERT INTO SS_categories (categoryID, name, parent, products_count, description, picture, products_count_admin) VALUES ('82', 'Samsung', '81', '0', '', '', '0');
INSERT INTO SS_categories (categoryID, name, parent, products_count, description, picture, products_count_admin) VALUES ('83', 'GoldStar', '81', '0', '', '', '0');
INSERT INTO SS_products (productID, categoryID, name, description, customers_rating, Price, picture, in_stock, thumbnail, customer_votes, items_sold, show_as_special_offer, big_picture, enabled, brief_description, list_price, product_code) VALUES ('1', '9', 'Toyota Land Cruiser 100', 'Внедорожник от Toyota!', '4.09091', '70000', '1_L2.jpg', '4', '1_L1.jpg', '11', '13', '0', '1_L0.jpg', '1', '', '0', '');
INSERT INTO SS_products (productID, categoryID, name, description, customers_rating, Price, picture, in_stock, thumbnail, customer_votes, items_sold, show_as_special_offer, big_picture, enabled, brief_description, list_price, product_code) VALUES ('4', '24', 'Lexus GS300', 'Модель GS300.


Сродни Mercedes E-классу', '4.28889', '49000', '4_gs300072.jpg', '6', '4_gs300071.jpg', '9', '4', '0', '4_gs30007.jpg', '1', '', '51000', '');
INSERT INTO SS_products (productID, categoryID, name, description, customers_rating, Price, picture, in_stock, thumbnail, customer_votes, items_sold, show_as_special_offer, big_picture, enabled, brief_description, list_price, product_code) VALUES ('6', '13', 'BURTON Balance', '', '5', '640', '848_Bur_Bal_157,5_m.gif', '10', '491_Bur_Bal_157,5_m_small.jpg', '2', '0', '0', '', '1', '', '0', '');
INSERT INTO SS_products (productID, categoryID, name, description, customers_rating, Price, picture, in_stock, thumbnail, customer_votes, items_sold, show_as_special_offer, big_picture, enabled, brief_description, list_price, product_code) VALUES ('7', '14', 'Samsung R200', '<p>Размеры: 113x48x22 мм со стандартной батареей<br>
Вес: 99/97 г. со стандартной батареей</p>
Время работы:<br>
- В режиме ожидания: до 150 часов<br>
- В режиме разговора: до 6 часов<br>
Активный флип (R200)<br>
<font color=purple>MMS</font> - Возможность отправлять и принимать мультимедийные сообщения с картинками и анимацией, а также обмениваться мелодиями для входящих звонков!<br><br>
<a class=small href="http://www.sotovik.ru">
Подготовлено по материалам "Сотовик"
www.sotovik.ru 
</a>', '2', '135', '821_sghr200.jpg', '10', '0', '2', '0', '0', '', '1', '', '0', '');
INSERT INTO SS_products (productID, categoryID, name, description, customers_rating, Price, picture, in_stock, thumbnail, customer_votes, items_sold, show_as_special_offer, big_picture, enabled, brief_description, list_price, product_code) VALUES ('8', '14', 'Samsung N100', 'Размеры: 105x42x17.5 мм со стандартной батареей<br>
Вес: 83 г. со стандартной батареей<br>
Время работы:<br>
(Slim 500 mAh / Standard Li-Ion 800 mAh )<br>
- В режиме ожидания: до 55/90 часов<br>
- В режиме разговора: до 2.5/3.5 часов<br>
Активный флип<br>
Графический высококонтрастный дисплей :<br>
128 x 64 пикселя
4 строки x 16 символов  + строка иконок<br>
3 размера шрифта<br><br>
<a class=small href="http://www.sotovik.ru">
Подготовлено по материалам "Сотовик"
www.sotovik.ru 
</a>', '2.25', '175', '867_sghn100.jpg', '10', '0', '2', '0', '0', '', '1', '', '0', '');
INSERT INTO SS_products (productID, categoryID, name, description, customers_rating, Price, picture, in_stock, thumbnail, customer_votes, items_sold, show_as_special_offer, big_picture, enabled, brief_description, list_price, product_code) VALUES ('9', '13', 'BURTON Power', 'freestyle-доске для халфпайпа', '0', '659', '253_Bur_Pow_158_m.gif', '8', '606_Bur_Pow_158_m_small.jpg', '0', '2', '0', '', '1', '', '0', '');
INSERT INTO SS_products (productID, categoryID, name, description, customers_rating, Price, picture, in_stock, thumbnail, customer_votes, items_sold, show_as_special_offer, big_picture, enabled, brief_description, list_price, product_code) VALUES ('10', '17', 'Nokia 8850', 'Размеры: <u>100х44х17</u> мм<br>
Вес: 91 г.<br>
Время работы:<br>
- В режиме ожидания: до 150 часов<br>
- В режиме разговора: до 3 часов<br><br>
<a class=small href="http://www.sotovik.ru">
Подготовлено по материалам "Сотовик"
www.sotovik.ru 
</a>', '3', '335', '608_n8850gold.jpg', '10', '505_n8850gold_small.jpg', '2', '0', '0', '', '1', '', '0', '');
INSERT INTO SS_products (productID, categoryID, name, description, customers_rating, Price, picture, in_stock, thumbnail, customer_votes, items_sold, show_as_special_offer, big_picture, enabled, brief_description, list_price, product_code) VALUES ('11', '17', 'Nokia 8250', '', '0', '273', '288_n8250.jpg', '9', '913_n8250_small.jpg', '0', '1', '0', '', '1', '', '0', '');
INSERT INTO SS_products (productID, categoryID, name, description, customers_rating, Price, picture, in_stock, thumbnail, customer_votes, items_sold, show_as_special_offer, big_picture, enabled, brief_description, list_price, product_code) VALUES ('12', '17', 'Nokia 8210', '			<ul>
			<li>
              <p align="left">Двустандартный (GSM900/1800) </li>
			<li>
              <p align="left">Дизайн корпуса  - Кензо </li>
			<li>
              <p align="left">EFR (улучшенное качество
              речи) </li>
			<li>
              <p align="left">Графический дисплей до 5 строк
              х 13 символов</li>
			<li>
              <p align="left">Телефонная книга: 250 в памяти
              телефона + память SIM-карты</li>
			<li>
              <p align="left">Автоматическое
              запоминание номера последних<br>
              - 10 входящих звонков,<br>
              - 10 исходящих звонков и<br>
              - 10 оставшихся без ответа звонков с
              фиксацией время звонка.</li>
			<li>
              <p align="left">8
              номеров для голосового набора</li>
			<li>
              <p align="left">Улучшенное русифицированное меню </li>
			<li>
              <p align="left">40 вариантов звонка, возможность
              программирования и приема/передачи
              по SMS</li>
			<li>
              <p align="left">Режим работы - цифровой, SMS,
              поддержка факс-модемной связи (9600
              бит/сек)</li>
			<li>
              <p align="left">Посылка
              сообщений в виде рисунков с/на
              телефоны Nokia 3210, 8810, 8210</li>
			<li>
              <p align="left">Возможность принимать SMS русскими буквами </li>
			<li>
              <p align="left">TTML - браузер, позволяющий
              получать доступ к определенным
              узлам Интернет </li>
			<li>
              <p align="left">Конференция (1 +  5 абонентов) </li>
			<li>
              <p align="left">Инфракрасный порт (IrDA) </li>
			<li>
              <p align="left">Часы, будильник,
              калькулятор </li>
			<li>
              <p align="left">50 заметок в
              календаре </li>
            <li>
              <p align="left">Просмотр имен,
              номеров или обоих позиций вместе
              при прокрутке  памяти;</li>
            <li>
              <p align="left">Выбор номера из
              записной книжки для SMS и календаря</li>
			<li>
              <p align="left">Игры, быстрая
              замена корпуса </li>
			</ul>
<a class=small href="http://www.sotovik.ru">
Подготовлено по материалам "Сотовик"
www.sotovik.ru 
</a>', '2.025', '173', '374_n8210.jpg', '8', '256_n8210_small.jpg', '4', '1', '0', '', '1', '', '0', '');
INSERT INTO SS_products (productID, categoryID, name, description, customers_rating, Price, picture, in_stock, thumbnail, customer_votes, items_sold, show_as_special_offer, big_picture, enabled, brief_description, list_price, product_code) VALUES ('13', '17', 'Nokia 6210', '			<ul>
			<li>
              <p align="left">EGSM 900, GSM 1800 или GSM 900/1800 </li>
			<li>
              <p align="left">WAP браузер версии 1.1 </li>
			<li>
              <p align="left">Три вида
              кодирования речи: полуразрядное
              (HR), полноразрядное (FR) и
              улучшенное полноразрядное (EFR) </li>
			<li>
              <p align="left">Графический дисплей 96х60 точек</li>
			<li>
              <p align="left">Календарь на 220 заметок </li>
			<li>
              <p align="left">Записная (телефонная) книга:
              до 500 имен (3 номера + 1 текстовое поле)</li>
			<li>
              <p align="left">Память до 150 текстовых, до 50
              графических сообщений или любая их
              комбинация</li>
			<li>
              <p align="left">Голосовой набор на 10
              номеров</li>
			<li>
              <p align="left">Автоматическое запоминание номера последних<br>
              - 10 входящих звонков, <br>
			 - 10 исходящих звонков и <br>
			 - 10 оставшихся без ответа звонков с фиксацией время звонка.</li>
			<li>
              <p align="left">Конференц-связь (1+5)</li>
			<li>
              <p align="left">Автодозвон </li>
			<li>
              <p align="left">Русифицированное меню </li>
			<li>
              <p align="left">Мелодии, сигнал с
              нарастающей громкостью, виброзвонок </li>
			<li>
              <p align="left">Возможность
              редактирования и загрузки мелодий </li>
			<li>
              <p align="left">Упрощенное написание
              текста (T9 system), 10 языков </li>
			<li>
              <p align="left">Режим работы - цифровой, SMS,
              поддержка факс-модемной связи до 9600
              и 14400 бод</li>
			<li>
              <p align="left">Поддержка передачи данных
              со скоростью до 43.2 kbps, используя HSCSD (High
              Speed Circuit Switched Data) через IrDA или кабель</li>
			<li>
              <p align="left">Посылка
              сообщений в виде рисунков на
              совместимые телефоны</li>
			<li>
              <p align="left">Возможность принимать SMS русскими буквами</li>
			<li>
              <p align="left">Беспроводное соединение с
              другим телефоном, ПК или принтером</li>
			<li>
              <p align="left">Обмен бизнес-картами (имена,
              телефоны, записи) с совместимыми
              телефонами</li>
			<li>
              <p align="left">"Активация-по-воздуху"
              прием/отправка текстовых/графических
              сообщений, бизнес-карт, записок, WAP-настроек
              и др.</li>
			<li>
              <p align="left">PC Suite for Nokia 6210 совместимый с
              MS Outlook 97/98</li>
			<li>
              <p align="left">Встроенные: 3 игры, калькулятор, будильник, часы</li>
			<li>
              <p align="left">Различные профили для
              разных условий эксплуатации<br>
              Громкость звука громкоговорителя
              автоматически изменяется в
              зависимости от уровня фонового шума</li>
			</ul>
<a class=small href="http://www.sotovik.ru">
Подготовлено по материалам "Сотовик"
www.sotovik.ru 
</a>', '0', '207', '252_n6210.jpg', '9', '232_n6210_small.jpg', '0', '0', '0', '', '1', '', '0', '');
INSERT INTO SS_products (productID, categoryID, name, description, customers_rating, Price, picture, in_stock, thumbnail, customer_votes, items_sold, show_as_special_offer, big_picture, enabled, brief_description, list_price, product_code) VALUES ('14', '17', 'Nokia 3330', '            <ul>
              <li>Двухстандартный (EGSM 900/GSM 1800)</li>
            </ul>
            <!--h5>Механические характеристики</h5>
<ul>
  <li>
(базовые характеристики "размеры" и
    "вес" вынесены в отдельные поля;
    здесь - дополнительные характеристики)</li>
</ul-->
            <h5>Дисплей</h5>
            <ul>
              <li>Графический высококонтрастный
                дисплей</li>
              <li>Разрешение 96x60 пикселей</li>
            </ul>
            <h5>Клавиатура</h5>
            <ul>
              <li>Ручная блокировка</li>
              <li>Ответ на звонок любой кнопкой</li>
              <li>Стирание последнего символа или
                всего экрана</li>
              <li>Код выхода на международную сеть (+)</li>
              <li>Звуковая индикация нажатия</li>
            </ul>
            <h5>Органайзер</h5>
            <ul>
              <li>Часы и дата</li>
              <li>Будильник</li>
              <li>Секундомер</li>
              <li>Калькулятор</li>
              <li>Конвертер валют</li>
              <li>Список на 10 задач/встреч с
                напоминанием</li>
            </ul>
            <!--h5>Персонализация</h5>
<ul>
  <li>
(что можно настроить под
    пользователя - напр, приветствие, мелодии,...)</li>
</ul-->
            <h5>Интерфейс пользователя</h5>
            <ul>
              <li>35 мелодий</li>
              <li>7 программируемых/загружаемых
                мелодий</li>
              <li>Голосовой набор номера</li>
              <li>Автоматический выбор языка, в
                зависимости от SIM карты</li>
              <li>Поддержка русского языка в меню</li>
              <li>Настраиваемое меню</li>
              <li>Анимация в меню</li>
              <li>Настраиваемые профили</li>
            </ul>
            <h5>Память</h5>
            <ul>
              <li>Телефонная книга: 100 номеров в
                памяти телефона + память SIM-карты</li>
              <li>Закрытые группа пользователей</li>
              <li>Группа фиксированных номеров</li>
              <li>Выбор номера из телефонной книги
                при отправке сообщений</li>
              <li>Извлечение и запись номера
                отправителя в телефонную книгу</li>
              <li>Показ номера абонента или имени
                как заголовок сообщения</li>
              <li>Разные возможности навигации и
                поиска в телефонной книге</li>
              <li>Автоматическое запоминание
                последних<br>
                - 10 входящих звонков,<br>
                - 10 исходящих звонков и<br>
                - 10 оставшихся без ответа звонков<br>
                с фиксацией время звонка</li>
            </ul>
<a class=small href="http://www.sotovik.ru">
Подготовлено по материалам "Сотовик"
www.sotovik.ru 
</a>', '3', '109', '592_n3330.jpg', '9', '32_n3330_small.jpg', '2', '0', '0', '', '1', '', '0', '');
INSERT INTO SS_products (productID, categoryID, name, description, customers_rating, Price, picture, in_stock, thumbnail, customer_votes, items_sold, show_as_special_offer, big_picture, enabled, brief_description, list_price, product_code) VALUES ('15', '17', 'Nokia 3210', '			<ul>
			<li>
              <p align="left">Двустандартный (GSM900/1800) </li>
			<li>
              <p align="left">Большой графический дисплей (5 строк)</li>
			<li>
              <p align="left">EFR (улучшенное качество
              речи)</li>
			<li>
              <p align="left">Телефонная книга: 250 номеров в памяти SIM-карты</li>
			<li>
              <p align="left">Улучшенное русифицированное меню с анимацией </li>
			<li>
              <p align="left">38 мелодий </li>
			<li>
              <p align="left">Возможность редактирования мелодии звонка </li>
			<li>
              <p align="left">Режим работы - цифровой, SMS, поддержка факс-модемной связи до 9600 бод
              (14400 - c EFR)</li>
			<li>
              <p align="left">Упрощенное написание SMS
              (для английского языка) </li>
			<li>
              <p align="left">Возможность принимать SMS русскими буквами </li>
			<li>
              <p align="left">Возможность приема/передачи графических изображений </li>
			<li>
              <p align="left">Три игры, включая "пятнашки" </li>
			<li>
              <p align="left">Эргономичный дизайн </li>
			<li>
              <p align="left">Встроенная антенна </li>
			<li>
              <p align="left">Разноцветные сменные панели корпуса (передняя и задняя) </li>
			</ul>
<a class=small href="http://www.sotovik.ru">
Подготовлено по материалам "Сотовик"
www.sotovik.ru 
</a>', '0', '90', '496_n3210.jpg', '10', '918_n3210_small.jpg', '0', '0', '0', '', '1', '', '0', '');
INSERT INTO SS_products (productID, categoryID, name, description, customers_rating, Price, picture, in_stock, thumbnail, customer_votes, items_sold, show_as_special_offer, big_picture, enabled, brief_description, list_price, product_code) VALUES ('16', '17', 'Nokia 7110', '			<ul>
			<li>
              <p align="left">Двустандартный (GSM900/1800) </li>
			</ul>
              <h5 align="left">Дисплей</h5>
			<ul>
			<li>
              <p align="left">Высококонтрастный,
              полностью графический дисплей с
              подсветкой</li>
			<li>
              <p align="left">Разрешение 96х65 точек</li>
			<li>
              <p align="left">До 6 строк для заголовков,
              текста, цифр, графики, описания
              программируемых клавиш</li>
			<li>
              <p align="left">Динамический вывод для
              крупного / мелкого / жирного шрифтов</li>
			<li>
              <p align="left">Индикатор уровня сигнала</li>
			<li>
              <p align="left">Индикатор уровня зарядки
              аккумулятора</li>
			<li>
              <p align="left">Сброс последней цифры и
              очистка всего дисплея</li>
			<li>
              <p align="left">Курсор для редактирования
              по всему полю дисплея</li>
			<li>
              <p align="left">Эффекты анимации главного
              меню</li>
			</ul>
              <h5 align="left">Клавиатура</h5>
            <ul>
              <li>
                <p align="left">Кнопка прослушивания
                речевой почты</li>
              <li>
                <p align="left">Кнопка доступа к
                международной связи (+)</li>
              <li>
                <p align="left">Блокировка клавиатуры</li>
              <li>
                <p align="left">Подсветка</li>
            </ul>
              <h5 align="left">Органайзер</h5>
            <ul>
              <li>
                <p align="left">Календарь</li>
              <li>
                <p align="left">Калькулятор</li>
              <li>
                <p align="left">Будильник</li>
              <li>
                <p align="left">Часы</li>
              <li>
                <p align="left">4 встроенные игры (змея,
                вращение, реверси, ракетка)</li>
            </ul>
              <h5 align="left">Безопасность и учет
              разговоров</h5>
            <ul>
              <li>
                <p align="left">Программируемые уровень и
                код защиты</li>
              <li>
                <p align="left">Функции запрета вызовов</li>
              <li>
                <p align="left">Уведомление о стоимости</li>
              <li>
                <p align="left">Установка предельной
                стоимости для исходящих вызовов (а
                также для входящих, если они
                оплачиваются)</li>
              <li>
                <p align="left">Продолжительность и
                стоимость последнего вызова и
                суммарная</li>
              <li>
                <p align="left">Фиксированный набор</li>
              <li>
                <p align="left">Закрытая абонентская
                группа</li>
            </ul>
            <h5 align="left">Интерфейс пользователя</h5>
            <ul>
              <li>
                <p align="left">34 языка в заданных
                изготовителем языковых группах</li>
              <li>
                <p align="left">Автоматический выбор
                языка меню</li>
            </ul>
              <h5 align="left">Память</h5>
            <ul>
			<li>
              <p align="left">Телефонная книга: 1000 имен в
              памяти телефона, 5 номеров и 2
', '0', '160', '787_n7110.jpg', '10', '76_n7110_small.jpg', '0', '0', '0', '', '1', '', '0', '');
INSERT INTO SS_products (productID, categoryID, name, description, customers_rating, Price, picture, in_stock, thumbnail, customer_votes, items_sold, show_as_special_offer, big_picture, enabled, brief_description, list_price, product_code) VALUES ('17', '17', 'Nokia 9210', '            <ul>
              <li>Двухстандартный  (EGSM 900 / GSM 1800)</li>
            </ul>
            <!--h5>Механические характеристики</h5>
<ul>
  <li>
(базовые характеристики "размеры" и
    "вес" вынесены в отдельные поля;
    здесь - дополнительные характеристики)</li>
</ul-->
            <h5>Дисплей</h5>
            <ul>
              <li>2 дисплея</li>
              <li>Графический цветной дисплей - 4096
                цветов</li>
              <li>Монохромный на внешней стороне</li>
            </ul>
            <h5>PDA</h5>
            <ul>
              <li>32-bit RISC процессор ARM9</li>
              <li>Операционная система EPOC</li>
              <li>Слот расширения памяти стандарта
                MultiMediaCard</li>
              <li>Телефонная книга, Задачи,
                Расписание, Факс, E-mail, Internet-браузер,
                WAP-браузер, текстовый редактор,
                электронная таблица, просмотр
                презентаций</li>
              <li>Конверторы файлов для основных
                офисных программ в формат
                встроенных программ для EPOC</li>
              <li>Совместимость с Lotus Notes & Organizer, MS
                Outlook</li>
              <li>Проигрыватель видеороликов и
                звуковых файлов<br>
</li>
            </ul>
            <h5 align="center"> </h5>
            <h5>E-mail</h5>
            <ul>
              <li>Поддержка POP3, IMAP4 и SMTP</li>
              <li>Поддерживает присоединенные
                файлы наиболее популярных
                форматов, включая MS Office, звуковые и
                графические файлы, архиваторы (DOS,
                Windows, Unix)<br>
</li>
            </ul>
            <h5>Клавиатура</h5>
            <ul>
              <li>Телефонная и PC клавиатуры</li>
              <li>Ответ на звонок любой кнопкой</li>
              <li>Стирание последнего символа или
                всего экрана</li>
              <li>Код выхода на международную сеть (+)</li>
              <li>Звуковая индикация нажатия</li>
            </ul>
            <h5>Управление звуковыми сигналами</h5>
            <ul>
              <li>Различные тоны и мелодии</li>
              <li>Бесшумный вызов</li>
              <li>Виброзвонок</li>
              <li>Различные уровни громкости,
                включая бесшумный</li>
              <li>Различные сигналы и уровни
                сигнала для SMS</li>
              <li>Программируемая мелодия вызова</li>
            </ul>
            <h5>Безопасность и учет разговоров</h5>
            <ul>
              <li>Блокировка клавиатуры</li>
              <li>Предупреждения и ограничения</li>
              <li>Код доступа к телефону</li>
              <li>PIN1, PIN2</li>
              <li>Контроль времени звонка</li>
              <li>Запрет вызовов</li>
            </ul>
            <h5>Интерфейс пользователя</h5>
            <ul>
              <li>Поддержка русского языка в меню</li>
              <li>Настраиваемое меню</li>
              <li>Настраиваемые профили</li>
            </ul>
            <h5>Органайзер</h5>
            <ul>
              <li>Часы</li>
              <li>Будильник</li>
              <li>Секундомер</li>
              <li>Калькулятор</li>
              <li>Таймер</li>
            </ul>
            <h5>Память</h5>
            <ul>
              <li>Телефонная книга в памяти
                телефона и на SIM-карте</li>
', '0', '803', '960_n92104.jpg', '10', '937_n92104_small.jpg', '0', '0', '0', '', '1', '', '0', '');
INSERT INTO SS_products (productID, categoryID, name, description, customers_rating, Price, picture, in_stock, thumbnail, customer_votes, items_sold, show_as_special_offer, big_picture, enabled, brief_description, list_price, product_code) VALUES ('18', '17', 'Nokia 6310', '            <ul>
              <li>Двухстандартный (EGSM 900/GSM 1800)</li>
            </ul>
            <!--h5>Механические характеристики</h5>
<ul>
  <li>
(базовые характеристики "размеры" и
    "вес" вынесены в отдельные поля;
    здесь - дополнительные характеристики)</li>
</ul-->
            <h5>Дисплей</h5>
            <ul>
              <li>Графический высококонтрастный
                дисплей</li>
              <li>Разрешение 96x60 пикселей</li>
            </ul>
            <h5>Клавиатура</h5>
            <ul>
              <li>Автоматическая и ручная
                блокировка</li>
              <li>Ответ на звонок любой кнопкой</li>
              <li>Стирание последнего символа или
                всего экрана</li>
              <li>Код выхода на международную сеть (+)</li>
              <li>Звуковая индикация нажатия</li>
            </ul>
            <h5>Органайзер</h5>
            <ul>
              <li>Часы и дата</li>
              <li>Будильник</li>
              <li>Секундомер</li>
              <li>Калькулятор</li>
              <li>Конвертер валют</li>
              <li>Список задач/встреч с
                напоминанием</li>
              <li>Синхронизация с ПК, в том числе
                SyncML over WAP</li>
            </ul>
            <!--h5>Персонализация</h5>
<ul>
  <li>
(что можно настроить под
    пользователя - напр, приветствие, мелодии,...)</li>
</ul-->
            <h5>Безопасность и учет разговоров</h5>
            <ul>
              <li>Блокировка клавиатуры</li>
              <li>Предупреждения и ограничения</li>
              <li>Код доступа к телефону</li>
              <li>PIN1, PIN2</li>
              <li>Контроль времени звонка</li>
              <li>Запрет вызовов</li>
            </ul>
            <h5>Интерфейс пользователя</h5>
            <ul>
              <li>Голосовой набор номера</li>
              <li>Голосовые команды</li>
              <li>Автоматический выбор языка, в
                зависимости от SIM карты</li>
              <li>Поддержка русского языка в меню</li>
              <li>Настраиваемое меню</li>
              <li>Анимация в меню</li>
              <li>Настраиваемые профили</li>
            </ul>
            <h5>Память</h5>
            <ul>
              <li>Телефонная книга: 500 номеров в
                памяти телефона + память SIM-карты</li>
              <li>Выбор номера из телефонной книги
                при отправке сообщений</li>
              <li>Извлечение и запись номера
                отправителя в телефонную книгу</li>
              <li>Показ номера абонента или имени
                как заголовок сообщения</li>
              <li>Разные возможности навигации и
                поиска в телефонной книге</li>
              <li>Автоматическое запоминание
                последних<br>
                - 10 входящих звонков,<br>
                - 10 исходящих звонков и<br>
                - 10 оставшихся без ответа звонков<br>
                с фиксацией время звонка</li>
            </ul>
            <!--h5>Функции набора номера</h5>
<ul>
  <li>(голосовой,
    сокращенный, ...)</li>
</ul-->
', '2', '275', '524_n6310.jpg', '0', '644_n6310_small.jpg', '1', '0', '0', '', '1', '', '0', '');
INSERT INTO SS_products (productID, categoryID, name, description, customers_rating, Price, picture, in_stock, thumbnail, customer_votes, items_sold, show_as_special_offer, big_picture, enabled, brief_description, list_price, product_code) VALUES ('19', '17', 'Nokia 8310', '            <ul>

              <li>Двухстандартный (EGSM 900/GSM 1800)</li>

            </ul>

            <!--h5>Механические характеристики</h5>

<ul>

  <li>

(базовые характеристики "размеры" и

    "вес" вынесены в отдельные поля;

    здесь - дополнительные характеристики)</li>

</ul-->

            <h5>Дисплей</h5>

            <ul>

              <li>Графический высококонтрастный

                дисплей</li>

              <li>До 5 строк текста</li>

              <li>Голубая подсветка</li>

            </ul>

            <h5>Клавиатура</h5>

            <ul>

              <li>Спаренная навигационная клавиша</li>

              <li>Автоматическая и ручная

                блокировка</li>

              <li>Ответ на звонок любой кнопкой</li>

              <li>Стирание последнего символа или

                всего экрана</li>

              <li>Код выхода на международную сеть (+)</li>

              <li>Звуковая индикация нажатия</li>

            </ul>

            <h5>Органайзер</h5>

            <ul>

              <li>Часы и дата</li>

              <li>Будильник</li>

              <li>Калькулятор</li>

              <li>Конвертер валют</li>

              <li>Список задач/встреч с

                напоминанием</li>

            </ul>

            <!--h5>Персонализация</h5>

<ul>

  <li>

(что можно настроить под

    пользователя - напр, приветствие, мелодии,...)</li>

</ul-->

            <h5>Безопасность и учет разговоров</h5>

            <ul>

              <li>Блокировка клавиатуры</li>

              <li>Предупреждения и ограничения</li>

              <li>Код доступа к телефону</li>

              <li>PIN1, PIN2</li>

              <li>Контроль времени звонка</li>

              <li>Запрет вызовов</li>

            </ul>

            <h5>Интерфейс пользователя</h5>

            <ul>

              <li>Голосовой набор номера</li>

              <li>Голосовые команды</li>

              <li>Автоматический выбор языка, в

                зависимости от SIM карты</li>

              <li>Поддержка русского языка в меню</li>

              <li>Настраиваемое меню</li>

              <li>Анимация в меню</li>

              <li>Настраиваемые профили</li>

            </ul>

            <h5>Память</h5>

            <ul>

              <li>Телефонная книга: 250 номеров в

                памяти телефона + память SIM-карты</li>

              <li>Выбор номера из телефонной книги

                при отправке сообщений</li>

              <li>Извлечение и запись номера

                отправителя в телефонную книгу</li>

              <li>Показ номера абонента или имени

                как заголовок сообщения</li>

              <li>Разные возможности навигации и

                поиска в телефонной книге</li>

              <li>Автоматическое запоминание

                последних<br>

                - 10 входящих звонков,<br>

                - 10 исходящих звонков и<br>

                - 10 оставшихся без ответа звонков<br>

                с фиксацией время звонка</li>

            </ul>

            <!--h5>Функции набора номера</h5>

<ul>

  <li>(голосовой,

    сокращенный, ...)</li>

</ul-->

            <h5>Управление звонками</h5>

', '4.5', '299', '561_n8310.jpg', '92', '596_n8310_small.jpg', '13', '8', '0', '', '1', 'это краткое описание....', '330', '');
INSERT INTO SS_products (productID, categoryID, name, description, customers_rating, Price, picture, in_stock, thumbnail, customer_votes, items_sold, show_as_special_offer, big_picture, enabled, brief_description, list_price, product_code) VALUES ('20', '17', 'Nokia 3310', '            <ul>
              <li>Двухстандартный (EGSM 900/GSM 1800)</li>
            </ul>
            <!--h5>Механические характеристики</h5>
<ul>
  <li>
(базовые характеристики "размеры" и
    "вес" вынесены в отдельные поля;
    здесь - дополнительные характеристики)</li>
</ul-->
            <h5>Дисплей</h5>
            <ul>
              <li>Графический высококонтрастный
                дисплей</li>
              <li>Разрешение 84x48 пикселя</li>
              <li>Индикаторы:
                <ul>
                  <li>напряженность поля</li>
                </ul>
                <ul>
                  <li>уровень заряд батареи</li>
                  <li>голосовое сообщение</li>
                  <li>текстовое сообщение</li>
                  <li>роуминг и др.</li>
                </ul>
              </li>
            </ul>
            <h5>Клавиатура</h5>
            <ul>
              <li>Многоцелевая
                клавиша Nokia Navi</li>
              <li>Ответ на звонок любой кнопкой</li>
              <li>Стирание последнего символа или
                всего экрана</li>
              <li>Код выхода на международную сеть (+)</li>
              <li>Звуковая индикация нажатия</li>
            </ul>
            <h5>Органайзер</h5>
            <ul>
              <li>Часы и дата</li>
              <li>Будильник</li>
              <li>Секундомер</li>
              <li>Калькулятор</li>
              <li>Конвертер валют</li>
              <li>Список на 10 задач/встреч с
                напоминанием</li>
            </ul>
            <!--h5>Персонализация</h5>
<ul>
  <li>
(что можно настроить под
    пользователя - напр, приветствие, мелодии,...)</li>
</ul-->
            <h5>Безопасность и учет разговоров</h5>
            <ul>
              <li>Блокировка клавиатуры</li>
              <li>Предупреждения и ограничения</li>
              <li>Код доступа к телефону</li>
              <li>PIN1, PIN2</li>
              <li>Контроль времени звонка</li>
              <li>Запрет вызовов</li>
            </ul>
            <h5>Интерфейс пользователя</h5>
            <ul>
              <li>Автоматический выбор языка, в
                зависимости от SIM карты</li>
              <li>Меню и предиктивный ввод
                текста - 11 европейских языков +
                китайский</li>
              <li>Настраиваемое меню</li>
              <li>Анимация в меню</li>
              <li>Голосовой набор - 8 ячеек</li>
              <li>Скринсейверы</li>
              <li>SMS-чат</li>
            </ul>
            <h5>Управление звуковыми сигналами</h5>
            <ul>
              <li>7 различных тонов и 35 мелодий</li>
              <li>Бесшумный вызов</li>
              <li>Виброзвонок</li>
              <li>Различные уровни громкости,
                включая бесшумный</li>
              <li>Различные сигналы и уровни
                сигнала для SMS</li>
              <li>Программируемая мелодия вызова</li>
            </ul>
            <h5>Управление звонками</h5>
            <ul>
              <li>Ускоренный набор номера (9 ячеек,
                "1"
                - всегда голосовая почта)</li>
              <li>Звонки по номерам из памяти и
                телефонной книги</li>
              <li>Конфернц-связь</li>
              <li>Ожидание и удержание звонка</li>
              <li>Переадресация звонков</li>
              <li>Идентификация имени и номера
', '5', '99', '398_n3310.jpg', '10', '601_n3310_small.jpg', '1', '0', '0', '', '1', '', '0', '');
INSERT INTO SS_products (productID, categoryID, name, description, customers_rating, Price, picture, in_stock, thumbnail, customer_votes, items_sold, show_as_special_offer, big_picture, enabled, brief_description, list_price, product_code) VALUES ('21', '15', 'Ericsson T29', '            <ul>
              <li>Двухстандартный (GSM 900/1800)</li>
            </ul>
            <!--h5>Механические характеристики</h5>
<ul>
  <li>
(базовые характеристики "размеры" и
    "вес" вынесены в отдельные поля;
    здесь - дополнительные характеристики)</li>
</ul-->
            <h5>Дисплей</h5>
            <ul>
              <li>Графический высококонтрастный
                дисплей</li>
              <li>3 строки текста</li>
            </ul>
            <h5>Клавиатура</h5>
            <ul>
              <li>Автоматическая и ручная
                блокировка</li>
              <li>Ответ на звонок любой кнопкой</li>
              <li>Стирание последнего символа или
                всего экрана</li>
              <li>Код выхода на международную сеть (+)</li>
              <li>Звуковая индикация нажатия</li>
            </ul>
            <h5 align="center"></h5>
            <h5>Управление звуковыми сигналами</h5>
            <ul>
              <li>Различные тоны и мелодии</li>
              <li>Бесшумный вызов</li>
              <li>Различные уровни громкости,
                включая бесшумный</li>
              <li>Различные сигналы и уровни
                сигнала для SMS</li>
              <li>Программируемая мелодия вызова</li>
            </ul>
            <h5>Безопасность и учет разговоров</h5>
            <ul>
              <li>Блокировка клавиатуры</li>
              <li>Предупреждения и ограничения</li>
              <li>Код доступа к телефону</li>
              <li>PIN1, PIN2</li>
              <li>Контроль времени звонка</li>
              <li>Запрет вызовов</li>
            </ul>
            <h5>Память</h5>
            <ul>
              <li>Выбор номера из телефонной книги
                при отправке сообщений</li>
              <li>Извлечение и запись номера
                отправителя в телефонную книгу</li>
              <li>Показ номера абонента или имени
                как заголовок сообщения</li>
              <li>Разные возможности навигации и
                поиска в телефонной книге</li>
            </ul>
            <!--h5>Функции набора номера</h5>
<ul>
  <li>(голосовой,
    сокращенный, ...)</li>
</ul-->
            <h5>Управление звонками</h5>
            <ul>
              <li>Ускоренный набор номера</li>
              <li>Голосовой набор</li>
              <li>Звонки по номерам из памяти и
                телефонной книги</li>
              <li>Конфернц-связь</li>
              <li>Ожидание и удержание звонка</li>
              <li>Переадресация звонков</li>
              <li>Идентификация имени и номера
                звонящего</li>
              <li>Автоматический и ручной выбор
                сети</li>
            </ul>
            <h5>SMS</h5>
            <ul>
              <li>Прием/отправка сообщений длиной
                до 160 символов</li>
              <li>Дата/время для принятых сообщений</li>
              <li>Извлечение номера и имени
                отправителя из полученного
                сообщения</li>
              <li>Подтверждение доставки сообщения</li>
              <li>Звонок отправителю сообщения</li>
              <li>Cell Broadcast</li>
            </ul>
            <h5>WAP</h5>
            <ul>
              <li>WAP браузер v1.1</li>
            </ul>
            <!--h5>Bluetooth</h5>
<ul>
  <li>()</li>
</ul-->
            <h5>Дополнительные возможности</h5>
            <ul>
', '0', '173', '233_ert29.jpg', '10', '217_ert29_small.jpg', '0', '0', '0', '', '1', '', '0', '');
INSERT INTO SS_products (productID, categoryID, name, description, customers_rating, Price, picture, in_stock, thumbnail, customer_votes, items_sold, show_as_special_offer, big_picture, enabled, brief_description, list_price, product_code) VALUES ('22', '15', 'Ericsson T39', '            <ul>
              <li>Трехстандартный (GSM 900/1800/1900)</li>
            </ul>
            <!--h5>Механические характеристики</h5>
<ul>
  <li>
(базовые характеристики "размеры" и
    "вес" вынесены в отдельные поля;
    здесь - дополнительные характеристики)</li>
</ul-->
            <h5>Дисплей</h5>
            <ul>
              <li>Графический высококонтрастный
                дисплей</li>
              <li>4 строки текста</li>
            </ul>
            <h5>Клавиатура</h5>
            <ul>
              <li>Автоматическая и ручная
                блокировка</li>
              <li>Ответ на звонок любой кнопкой</li>
              <li>Стирание последнего символа или
                всего экрана</li>
              <li>Код выхода на международную сеть (+)</li>
              <li>Звуковая индикация нажатия</li>
            </ul>
            <h5>Управление звуковыми сигналами</h5>
            <ul>
              <li>Различные тоны и мелодии</li>
              <li>Бесшумный вызов</li>
              <li>Различные уровни громкости,
                включая бесшумный</li>
              <li>Различные сигналы и уровни
                сигнала для SMS</li>
              <li>Программируемая мелодия вызова</li>
            </ul>
            <h5>Безопасность и учет разговоров</h5>
            <ul>
              <li>Блокировка клавиатуры</li>
              <li>Предупреждения и ограничения</li>
              <li>Код доступа к телефону</li>
              <li>PIN1, PIN2</li>
              <li>Контроль времени звонка</li>
              <li>Запрет вызовов</li>
            </ul>
            <h5>Интерфейс пользователя</h5>
            <ul>
              <li>Голосовые команды</li>
              <li>Голосовой набор</li>
              <li>Поддержка русского языка в меню</li>
              <li>Настраиваемое меню</li>
              <li>Настраиваемые профили</li>
            </ul>
            <h5>Органайзер (PIM)</h5>
            <ul>
              <li>Расширенная телефонная книга (контактная
                информация)</li>
              <li>Календарь</li>
              <li>Синхронизация с ПК</li>
              <li>E-mail агент</li>
              <li>Записная книга</li>
              <li>Диктофон</li>
            </ul>
            <h5>Память</h5>
            <ul>
              <li>Выбор номера из телефонной книги
                при отправке сообщений</li>
              <li>Извлечение и запись номера
                отправителя в телефонную книгу</li>
              <li>Показ номера абонента или имени
                как заголовок сообщения</li>
              <li>Разные возможности навигации и
                поиска в телефонной книге</li>
            </ul>
            <!--h5>Функции набора номера</h5>
<ul>
  <li>(голосовой,
    сокращенный, ...)</li>
</ul-->
            <h5>Управление звонками</h5>
            <ul>
              <li>Ускоренный набор номера</li>
              <li>Голосовой набор, ответ, отказ</li>
              <li>Конфернц-связь</li>
              <li>Ожидание и удержание звонка</li>
              <li>Переадресация звонков</li>
              <li>Идентификация имени и номера
                звонящего</li>
              <li>Автоматический и ручной выбор
                сети</li>
            </ul>
            <h5>Передача данных</h5>
            <ul>
              <li>Поддержка факс-модемной связи до
                9600 бод</li>
              <li>Встроенный модем</li', '0', '266', '912_ert392.jpg', '10', '332_ert392_small.jpg', '0', '0', '0', '', '1', '', '0', '');
INSERT INTO SS_products (productID, categoryID, name, description, customers_rating, Price, picture, in_stock, thumbnail, customer_votes, items_sold, show_as_special_offer, big_picture, enabled, brief_description, list_price, product_code) VALUES ('23', '15', 'Ericsson T68', '            <ul>
              <li>Трехстандартный (GSM 900/1800/1900)</li>
            </ul>
            <!--h5>Механические характеристики</h5>
<ul>
  <li>
(базовые характеристики "размеры" и
    "вес" вынесены в отдельные поля;
    здесь - дополнительные характеристики)</li>
</ul-->
            <h5>Дисплей</h5>
            <ul>
              <li>Графический высококонтрастный
                дисплей</li>
              <li>8 строк текста</li>
              <li>256 цветов</li>
            </ul>
            <h5>Клавиатура</h5>
            <ul>
              <li>Джойстик для навигации</li>
              <li>Автоматическая и ручная
                блокировка</li>
              <li>Ответ на звонок любой кнопкой</li>
              <li>Стирание последнего символа или
                всего экрана</li>
              <li>Код выхода на международную сеть (+)</li>
              <li>Звуковая индикация нажатия</li>
            </ul>
            <h5>Управление звуковыми сигналами</h5>
            <ul>
              <li>Различные тоны и мелодии</li>
              <li>Бесшумный вызов</li>
              <li>Различные уровни громкости,
                включая бесшумный</li>
              <li>Различные сигналы и уровни
                сигнала для SMS</li>
              <li>Программируемая мелодия вызова</li>
            </ul>
            <h5>Безопасность и учет разговоров</h5>
            <ul>
              <li>Блокировка клавиатуры</li>
              <li>Предупреждения и ограничения</li>
              <li>Код доступа к телефону</li>
              <li>PIN1, PIN2</li>
              <li>Контроль времени звонка</li>
              <li>Запрет вызовов</li>
            </ul>
            <h5>Интерфейс пользователя</h5>
            <ul>
              <li>Голосовые команды</li>
              <li>Голосовой набор</li>
              <li>Поддержка русского языка в меню</li>
              <li>Настраиваемое меню</li>
              <li>Настраиваемые профили</li>
            </ul>
            <h5>Органайзер (PIM)</h5>
            <ul>
              <li>Расширенная телефонная книга (контактная
                информация)</li>
              <li>Календарь</li>
              <li>Синхронизация с ПК</li>
              <li>E-mail агент</li>
              <li>Записная книга</li>
              <li>Диктофон</li>
            </ul>
            <h5>Память</h5>
            <ul>
              <li>Выбор номера из телефонной книги
                при отправке сообщений</li>
              <li>Извлечение и запись номера
                отправителя в телефонную книгу</li>
              <li>Показ номера абонента или имени
                как заголовок сообщения</li>
              <li>Разные возможности навигации и
                поиска в телефонной книге</li>
            </ul>
            <!--h5>Функции набора номера</h5>
<ul>
  <li>(голосовой,
    сокращенный, ...)</li>
</ul-->
            <h5>Управление звонками</h5>
            <ul>
              <li>Ускоренный набор номера</li>
              <li>Голосовой набор, ответ, отказ</li>
              <li>Конфернц-связь</li>
              <li>Ожидание и удержание звонка</li>
              <li>Переадресация звонков</li>
              <li>Идентификация имени и номера
                звонящего</li>
              <li>Автоматический и ручной выбор
                сети</li>
            </ul>
            <h5>Передача данных</h5>
            <ul>
              <li>Поддержка факс-модемно', '0', '44', '452_ert68.jpg', '0', '944_ert68_small.jpg', '0', '0', '0', '', '1', '', '0', '');
INSERT INTO SS_products (productID, categoryID, name, description, customers_rating, Price, picture, in_stock, thumbnail, customer_votes, items_sold, show_as_special_offer, big_picture, enabled, brief_description, list_price, product_code) VALUES ('24', '15', 'Ericsson T60', '            <h5>Стандарт</h5>
            <ul>
              <li>T60d - DAMPS (внутренняя антенна)</li>
              <li>T60c - CDMA/AMPS (выдвигающаяся антенна)</li>
            </ul>
            <!--h5>Механические характеристики</h5>
<ul>
  <li>
(базовые характеристики "размеры" и
    "вес" вынесены в отдельные поля;
    здесь - дополнительные характеристики)</li>
</ul-->
            <h5>Дисплей</h5>
            <ul>
              <li>Графический высококонтрастный
                дисплей</li>
              <li>7 строк текста</li>
              <li>4 уровня серого</li>
              <li>101 х 67 пикселей</li>
            </ul>
            <h5>Клавиатура</h5>
            <ul>
              <li>Кнопка - джойстик</li>
              <li>Ручная
                блокировка</li>
              <li>Ответ на звонок любой кнопкой</li>
              <li>Стирание последнего символа или
                всего экрана</li>
              <li>Код выхода на международную сеть (+)</li>
              <li>Звуковая индикация нажатия</li>
            </ul>
            <h5>Управление звуковыми сигналами</h5>
            <ul>
              <li>Различные тоны и мелодии</li>
              <li>Бесшумный вызов</li>
              <li>Виброзвонок</li>
              <li>Различные уровни громкости,
                включая бесшумный</li>
              <li>Различные сигналы и уровни
                сигнала для SMS</li>
              <li>Программируемая мелодия вызова</li>
              <li>Загрузка через EMS</li>
            </ul>
            <h5>Безопасность и учет разговоров</h5>
            <ul>
              <li>Блокировка клавиатуры</li>
              <li>Предупреждения и ограничения</li>
              <li>Код доступа к телефону</li>
              <li>PIN1, PIN2</li>
              <li>Контроль времени звонка</li>
              <li>Запрет вызовов</li>
            </ul>
            <h5>Интерфейс пользователя</h5>
            <ul>
              <li>Голосовой набор</li>
            </ul>
            <h5>Органайзер (PIM)</h5>
            <ul>
              <li>Календарь</li>
              <li>Синхронизация с ПК</li>
              <li>E-mail агент</li>
              <li>Записная книга</li>
            </ul>
            <h5>Память</h5>
            <ul>
              <li>Память на 500 записей</li>
              <li>Выбор номера из телефонной книги
                при отправке сообщений</li>
              <li>Извлечение и запись номера
                отправителя в телефонную книгу</li>
              <li>Показ номера абонента или имени
                как заголовок сообщения</li>
              <li>Разные возможности навигации и
                поиска в телефонной книге</li>
            </ul>
            <!--h5>Функции набора номера</h5>
<ul>
  <li>(голосовой,
    сокращенный, ...)</li>
</ul-->
            <h5>Управление звонками</h5>
            <ul>
              <li>Ускоренный набор номера</li>
              <li>Голосовой набор, ответ, отказ</li>
              <li>Конфернц-связь</li>
              <li>Ожидание и удержание звонка</li>
              <li>Переадресация звонков</li>
              <li>Идентификация имени и номера
                звонящего</li>
              <li>Автоматический и ручной выбор
                сети</li>
            </ul>
            <h5>Передача данных</h5>
            <ul>
              <li>Т60с поддерживает cdma2000 1xRTT - до 153
                кБит/с</li>
            </', '2.5', '77', '37_ert602.jpg', '6', '764_ert602_small.jpg', '2', '0', '0', '', '0', '', '0', '');
INSERT INTO SS_products (productID, categoryID, name, description, customers_rating, Price, picture, in_stock, thumbnail, customer_votes, items_sold, show_as_special_offer, big_picture, enabled, brief_description, list_price, product_code) VALUES ('25', '14', 'Samsung A100', '			<ul>
			<li>
              <p align="left">Двустандартный (GSM900/1800) </li>
			<li>
              <p align="left">Графический дисплей 128х64 точек:
              до 4-х строк текста + строка
              мнемонических символов</li>
			<li>
              <p align="left">Динамически изменяемые
              размеры шрифта: большой / средний /
              маленький</li>
			<li>
              <p align="left">Улучшенное качество речи (EFR)</li>
			<li>
              <p align="left">Телефонная книга: 99 номеров + 100 в памяти SIM-карты</li>
			<li>
              <p align="left">Автоматическое запоминание номера:
              последние<br>
			 - 10 входящих звонков, <br>
			 - 10 исходящих звонков и <br>
			 - 10 оставшихся без ответа звонков с фиксацией время звонка.</li>
			<li>
              <p align="left">Быстрый набор (9 номеров)</li>
			<li>
              <p align="left">Отключение микрофона</li>
			<li>
              <p align="left">Конференц-связь</li>
			<li>
              <p align="left">19 языков, включая русский </li>
			<li>
              <p align="left">19 мелодий, 3 тона + виброзвонок </li>
			<li>
              <p align="left">Возможность редактирования мелодии звонка </li>
			<li>
              <p align="left">Режим работы - цифровой, SMS,
              поддержка факс-модемной связи до 9600
              (14400
              бод - EFR)</li>
			<li>
              <p align="left">Встроенный программный
              модем</li>
			<li>
              <p align="left">ИК порт</li>
			<li>
              <p align="left">Встроенный органайзер (календарь/ежедневник/калькулятор),
              8 игр</li>
			<li>
              <p align="left">Встроенные будильник, часы</li>
			</ul>
            
            <hr>
            <p align="left">В первом квартале 2000 года
            компания Самсунг представит свою
            новую революционную модель SGH-A100.
            Модель обладает уникальным дизайном
            и выполнена в виде “книжки” (folder-type).
            Округлый корпус телефона со
            сглаженными краями прекрасно
            вписывается в ладонь, обеспечивая
            комфорт пользования. По своим
            габаритам (80 х 42 х 22,9) при весе (95 г)
            телефон практически не отличается от
            обычного пейджера, и по праву
            является одной из легчайших
            двухдиапазонных моделей на рынке.</p>
            <p align="left">Нельзя не отметить
            чрезвычайную прочность модели – при
            попытке надавить или даже ударить по
            лежащей вниз клавиатурой раскрытой
            “книжке”, аппарат мягко “пружинит”,
            не ломаясь.</p>
            <p align="left">На данный момент дисплей
            SGH-A100 обладает наибольшим
            разрешением из представленных на
            рынке абонентского оборудования GSM
            моделей (64 х 128 пикселов) – так,
            дисплей позволяет отобразить
            календарь на месяц или целую
            страницу органайзера.</p>
            <p align="left">Модель укомплектована
            инфракрасным портом для связи с
            компьютером, позволяя легко
            осуществлять такие операции, как
            редактирование записной книжки,
            персонального органайзера, отправка
            SMS-сообщений, работа в Интернет,
            отправка e-mail.</p>
            <p align="left">Вибровызов, настройка звонков,
            создание мелодий, установка ми', '0', '187', '117_SGHA100.jpg', '10', '0', '0', '0', '0', '', '1', '', '0', '');
INSERT INTO SS_products (productID, categoryID, name, description, customers_rating, Price, picture, in_stock, thumbnail, customer_votes, items_sold, show_as_special_offer, big_picture, enabled, brief_description, list_price, product_code) VALUES ('26', '18', 'Siemens SL45', '            <h5>Стандарт</h5>
            <ul>
              <li>Двухстандартный (EGSM 900/GSM 1800)</li>
            </ul>
            <!--h5>Механические характеристики</h5>
<ul>
  <li>
(базовые характеристики "размеры" и
    "вес" вынесены в отдельные поля;
    здесь - дополнительные характеристики)</li>
</ul-->
            <h5>Дисплей</h5>
            <ul>
              <li>Графический высококонтрастный
                дисплей</li>
              <li>Разрешение 101x80 пикселя</li>
              <li>До 7 строк х 16 символов</li>
              <li>Янтарная подсветка</li>
              <li>Индикаторы:
                <ul>
                  <li>напряженность поля</li>
                </ul>
                <ul>
                  <li>уровень заряд батареи</li>
                  <li>звуковое сообщение</li>
                  <li>текстовое сообщение</li>
                  <li>роуминг и др.</li>
                </ul>
              </li>
            </ul>
            <h5>Клавиатура</h5>
            <ul>
              <li>Навигационная клавиша</li>
              <li>Автоматическая и ручная
                блокировка</li>
              <li>Ответ на звонок любой кнопкой</li>
              <li>Стирание последнего символа или
                всего экрана</li>
              <li>Код выхода на международную сеть (+)</li>
              <li>Звуковая индикация нажатия</li>
            </ul>
            <h5>Управление звуковыми сигналами</h5>
            <ul>
              <li>42 различных тонов и мелодий +
                память MultiMediaCard</li>
              <li>Бесшумный вызов</li>
              <li>Различные уровни громкости,
                включая бесшумный</li>
              <li>Различные сигналы и уровни
                сигнала для SMS</li>
              <li>Программируемая мелодия вызова</li>
            </ul>
            <h5>Органайзер</h5>
            <ul>
              <li>Часы и дата</li>
              <li>Будильник</li>
              <li>Секундомер</li>
              <li>Калькулятор</li>
              <li>Конвертер валют</li>
              <li>Передаваемые между телефонами
                бизнес-карты</li>
              <li>Синхронизация с Microsoft Outlook </li>
            </ul>
            <!--h5>Персонализация</h5>
<ul>
  <li>
(что можно настроить под
    пользователя - напр, приветствие, мелодии,...)</li>
</ul-->
            <h5>Интерфейс пользователя</h5>
            <ul>
              <li>Автоматический выбор языка, в
                зависимости от SIM карты</li>
              <li>Поддержка русского языка в меню</li>
              <li>Настраиваемое меню</li>
              <li>Анимация в меню</li>
              <li>Настраиваемые профили</li>
              <li>Голосовой набор</li>
            </ul>
            <h5>Память</h5>
            <ul>
              <li>Телефонная книга: 500 записей по 14
                полей в
                памяти телефона + 250 номеров в
                памяти SIM-карты</li>
              <li>Выбор номера из телефонной книги
                при отправке сообщений</li>
              <li>Извлечение и запись номера
                отправителя в телефонную книгу</li>
              <li>Показ номера абонента или имени
                как заголовок сообщения</li>
              <li>Разные возможности навигации и
                поиска в телефонной книге</li>
              <li>Автоматическое запоминание
                последних<br>
', '3.75', '240', '83_ssl45.jpg', '10', '720_ssl45_small.jpg', '4', '0', '0', '', '1', '', '0', '');
INSERT INTO SS_products (productID, categoryID, name, description, customers_rating, Price, picture, in_stock, thumbnail, customer_votes, items_sold, show_as_special_offer, big_picture, enabled, brief_description, list_price, product_code) VALUES ('27', '18', 'Siemens ME45', '            <h5>Стандарт</h5>
            <ul>
              <li>Двухстандартный (EGSM 900/GSM 1800)</li>
            </ul>
            <!--h5>Механические характеристики</h5>
<ul>
  <li>
(базовые характеристики "размеры" и
    "вес" вынесены в отдельные поля;
    здесь - дополнительные характеристики)</li>
</ul-->
            <h5>Дисплей</h5>
            <ul>
              <li>Графический высококонтрастный
                дисплей</li>
              <li>Янтарная подсветка</li>
            </ul>
            <h5>Клавиатура</h5>
            <ul>
              <li>Навигационная клавиша</li>
              <li>Автоматическая и ручная
                блокировка</li>
              <li>Ответ на звонок любой кнопкой</li>
              <li>Стирание последнего символа или
                всего экрана</li>
              <li>Код выхода на международную сеть (+)</li>
              <li>Звуковая индикация нажатия</li>
            </ul>
            <h5>Управление звуковыми сигналами</h5>
            <ul>
              <li>40 различных тонов и мелодий</li>
              <li>Бесшумный вызов</li>
              <li>Виброзвонок</li>
              <li>Различные уровни громкости,
                включая бесшумный</li>
              <li>Различные сигналы и уровни
                сигнала для SMS</li>
              <li>Программируемая мелодия вызова</li>
            </ul>
            <h5>Органайзер</h5>
            <ul>
              <li>Часы и дата</li>
              <li>Будильник</li>
              <li>Секундомер</li>
              <li>Калькулятор</li>
              <li>Конвертер валют</li>
              <li>Передаваемые между телефонами
                бизнес-карты</li>
              <li>Синхронизация с Microsoft Outlook </li>
            </ul>
            <!--h5>Персонализация</h5>
<ul>
  <li>
(что можно настроить под
    пользователя - напр, приветствие, мелодии,...)</li>
</ul-->
            <h5>Интерфейс пользователя</h5>
            <ul>
              <li>Встроенная громкая связь</li>
              <li>Поддержка русского языка в меню</li>
              <li>Настраиваемое меню</li>
              <li>Анимация в меню</li>
              <li>Настраиваемые профили</li>
              <li>Голосовой набор номеров</li>
              <li>Голосовой вызов функций</li>
            </ul>
            <h5>Память</h5>
            <ul>
              <li>Адресная книга: до 500 записей по 14
                полей в
                памяти телефона + до 250 номеров в
                памяти SIM-карты</li>
              <li>Выбор номера из телефонной книги
                при отправке сообщений</li>
              <li>Извлечение и запись номера
                отправителя в телефонную книгу</li>
              <li>Показ номера абонента или имени
                как заголовок сообщения</li>
              <li>Разные возможности навигации и
                поиска в телефонной книге</li>
              <li>Автоматическое запоминание
                последних<br>
                - 10 исходящих звонков и<br>
                - 10 входящих/оставшихся без ответа звонков<br>
                с фиксацией время звонка</li>
            </ul>
            <!--h5>Функции набора номера</h5>
<ul>
  <li>(голосовой,
    сокращенный, ...)</li>
</ul-->
            <h5>Управление звонками</h5>
            <ul>
              <li>Ускоренный набор номера - 9 ячеек</li>
              <li>Голосовой набор на 20 номеров и 10
                команд<', '0', '219', '532_sme45.jpg', '10', '546_sme45_small.jpg', '0', '0', '0', '', '1', '', '0', '');
INSERT INTO SS_products (productID, categoryID, name, description, customers_rating, Price, picture, in_stock, thumbnail, customer_votes, items_sold, show_as_special_offer, big_picture, enabled, brief_description, list_price, product_code) VALUES ('28', '18', 'Siemens M35i', '            <h5>Стандарт</h5>
            <ul>
              <li>Двухстандартный (EGSM 900/GSM 1800)</li>
            </ul>
            <!--h5>Механические характеристики</h5>
<ul>
  <li>
(базовые характеристики "размеры" и
    "вес" вынесены в отдельные поля;
    здесь - дополнительные характеристики)</li>
</ul-->
            <h5>Дисплей</h5>
            <ul>
              <li>Графический высококонтрастный
                дисплей</li>
              <li>Разрешение 101x54 пикселя</li>
              <li>До 5 строк х 16 символов</li>
              <li>Индикаторы:
                <ul>
                  <li>напряженность поля</li>
                </ul>
                <ul>
                  <li>уровень заряд батареи</li>
                  <li>звуковое сообщение</li>
                  <li>текстовое сообщение</li>
                  <li>роуминг и др.</li>
                </ul>
              </li>
            </ul>
            <h5>Клавиатура</h5>
            <ul>
              <li>Автоматическая и ручная
                блокировка</li>
              <li>Ответ на звонок любой кнопкой</li>
              <li>Стирание последнего символа или
                всего экрана</li>
              <li>Код выхода на международную сеть (+)</li>
              <li>Звуковая индикация нажатия</li>
            </ul>
            <h5>Управление звуковыми сигналами</h5>
            <ul>
              <li>20 различных тонов и мелодий</li>
              <li>Бесшумный вызов</li>
              <li>Различные уровни громкости,
                включая бесшумный</li>
              <li>Различные сигналы и уровни
                сигнала для SMS</li>
              <li>Программируемая мелодия вызова</li>
            </ul>
            <h5>Органайзер</h5>
<ul>
  <li>
Часы и дата</li>
  <li>
Будильник</li>
  <li>
Секундомер</li>
  <li>
Калькулятор</li>
  <li>
Конвертер валют</li>
  <li>
Список на 30 задач/встреч с напоминанием</li>
</ul>
  <!--h5>Персонализация</h5>
<ul>
  <li>
(что можно настроить под
    пользователя - напр, приветствие, мелодии,...)</li>
</ul-->
            <h5>Безопасность и учет разговоров</h5>
            <ul>
              <li>Блокировка клавиатуры</li>
              <li>Предупреждения и ограничения</li>
              <li>Код доступа к телефону</li>
              <li>PIN1, PIN2</li>
              <li>Контроль времени звонка</li>
              <li>Запрет вызовов</li>
            </ul>
            <h5>Интерфейс пользователя</h5>
            <ul>
              <li>Автоматический выбор языка, в
                зависимости от SIM карты</li>
              <li>Поддержка русского языка в меню</li>
              <li>Настраиваемое меню</li>
              <li>Анимация в меню</li>
              <li>Настраиваемые профили</li>
            </ul>
            <h5>Память</h5>
            <ul>
              <li>Телефонная книга: 100 номеров в
                памяти телефона + память SIM-карты</li>
              <li>Выбор номера из телефонной книги
                при отправке сообщений</li>
              <li>Извлечение и запись номера
                отправителя в телефонную книгу</li>
              <li>Показ номера абонента или имени
                как заголовок сообщения</li>
              <li>Разные возможности навигации и
                поиска в телефонной книге</li>
              <li>Автоматическое запоминание
                последних<br>
', '0', '95', '604_sm35.jpg', '10', '366_sm35_small.jpg', '0', '0', '0', '', '1', '', '0', '');
INSERT INTO SS_products (productID, categoryID, name, description, customers_rating, Price, picture, in_stock, thumbnail, customer_votes, items_sold, show_as_special_offer, big_picture, enabled, brief_description, list_price, product_code) VALUES ('29', '18', 'Siemens C45', '            <h5>Стандарт</h5>
            <ul>
              <li>Двухстандартный (EGSM 900/GSM 1800)</li>
            </ul>
            <!--h5>Механические характеристики</h5>
<ul>
  <li>
(базовые характеристики "размеры" и
    "вес" вынесены в отдельные поля;
    здесь - дополнительные характеристики)</li>
</ul-->
            <h5>Дисплей</h5>
            <ul>
              <li>Графический высококонтрастный
                дисплей</li>
              <li>Разрешение 101x64 пикселя</li>
              <li>До 5 строк х 16 символов</li>
            </ul>
            <h5>Клавиатура</h5>
            <ul>
              <li>Ручная
                блокировка</li>
              <li>Ответ на звонок любой кнопкой</li>
              <li>Стирание последнего символа или
                всего экрана</li>
              <li>Код выхода на международную сеть (+)</li>
              <li>Звуковая индикация нажатия</li>
            </ul>
            <h5>Управление звуковыми сигналами</h5>
            <ul>
              <li>20 различных тонов и мелодий</li>
              <li>Бесшумный вызов</li>
              <li>Различные уровни громкости,
                включая бесшумный</li>
              <li>Различные сигналы и уровни
                сигнала для SMS</li>
              <li>Программируемая мелодия вызова</li>
            </ul>
            <h5>Органайзер</h5>
<ul>
  <li>
Часы и дата</li>
  <li>
Будильник</li>
  <li>
Секундомер</li>
  <li>
Калькулятор</li>
  <li>
Конвертер валют</li>
  <li>
Список на 30 задач/встреч с напоминанием</li>
</ul>
  <!--h5>Персонализация</h5>
<ul>
  <li>
(что можно настроить под
    пользователя - напр, приветствие, мелодии,...)</li>
</ul-->
            <h5>Безопасность и учет разговоров</h5>
            <ul>
              <li>Блокировка клавиатуры</li>
              <li>Предупреждения и ограничения</li>
              <li>Код доступа к телефону</li>
              <li>PIN1, PIN2</li>
              <li>Контроль времени звонка</li>
              <li>Запрет вызовов</li>
            </ul>
            <h5>Интерфейс пользователя</h5>
            <ul>
              <li>Автоматический выбор языка, в
                зависимости от SIM карты</li>
              <li>Поддержка русского языка в меню</li>
              <li>Настраиваемое меню</li>
              <li>Анимация в меню</li>
              <li>Настраиваемые профили</li>
            </ul>
            <h5>Память</h5>
            <ul>
              <li>Телефонная книга: 50 номеров в
                памяти телефона + память SIM-карты</li>
              <li>Выбор номера из телефонной книги
                при отправке сообщений</li>
              <li>Извлечение и запись номера
                отправителя в телефонную книгу</li>
              <li>Показ номера абонента или имени
                как заголовок сообщения</li>
              <li>Разные возможности навигации и
                поиска в телефонной книге</li>
              <li>Автоматическое запоминание
                последних<br>
                - 10 входящих звонков,<br>
                - 10 исходящих звонков и<br>
                - 10 оставшихся без ответа звонков<br>
                с фиксацией время звонка</li>
            </ul>
            <!--h5>Функции набора номера</h5>
<ul>
  <li>(голосовой,
    сокращенный, ...)</li>
</ul-->
            <h5>Управление звонками</h5>
            <ul>
              <li>Ускор', '0', '85.1', '760_sc45.jpg', '2', '729_sc45_small.jpg', '0', '0', '0', '', '1', '', '0', '');
INSERT INTO SS_products (productID, categoryID, name, description, customers_rating, Price, picture, in_stock, thumbnail, customer_votes, items_sold, show_as_special_offer, big_picture, enabled, brief_description, list_price, product_code) VALUES ('30', '18', 'Siemens C35i', '            <h5>Стандарт</h5>
            <ul>
              <li>Двухстандартный (EGSM 900/GSM 1800)</li>
            </ul>
            <!--h5>Механические характеристики</h5>
<ul>
  <li>
(базовые характеристики "размеры" и
    "вес" вынесены в отдельные поля;
    здесь - дополнительные характеристики)</li>
</ul-->
            <h5>Дисплей</h5>
            <ul>
              <li>Графический высококонтрастный
                дисплей</li>
              <li>Разрешение 101x54 пикселя</li>
              <li>До 5 строк х 16 символов</li>
              <li>Индикаторы:
                <ul>
                  <li>напряженность поля</li>
                </ul>
                <ul>
                  <li>уровень заряд батареи</li>
                  <li>звуковое сообщение</li>
                  <li>текстовое сообщение</li>
                  <li>роуминг и др.</li>
                </ul>
              </li>
            </ul>
            <h5>Клавиатура</h5>
            <ul>
              <li>Автоматическая и ручная
                блокировка</li>
              <li>Ответ на звонок любой кнопкой</li>
              <li>Стирание последнего символа или
                всего экрана</li>
              <li>Код выхода на международную сеть (+)</li>
              <li>Звуковая индикация нажатия</li>
            </ul>
            <h5>Управление звуковыми сигналами</h5>
            <ul>
              <li>20 различных тонов и мелодий</li>
              <li>Бесшумный вызов</li>
              <li>Различные уровни громкости,
                включая бесшумный</li>
              <li>Различные сигналы и уровни
                сигнала для SMS</li>
              <li>Программируемая мелодия вызова</li>
            </ul>
            <h5>Органайзер</h5>
<ul>
  <li>
Часы и дата</li>
  <li>
Будильник</li>
  <li>
Секундомер</li>
  <li>
Калькулятор</li>
  <li>
Конвертер валют</li>
  <li>
Список на 30 задач/встреч с напоминанием</li>
</ul>
  <!--h5>Персонализация</h5>
<ul>
  <li>
(что можно настроить под
    пользователя - напр, приветствие, мелодии,...)</li>
</ul-->
            <h5>Безопасность и учет разговоров</h5>
            <ul>
              <li>Блокировка клавиатуры</li>
              <li>Предупреждения и ограничения</li>
              <li>Код доступа к телефону</li>
              <li>PIN1, PIN2</li>
              <li>Контроль времени звонка</li>
              <li>Запрет вызовов</li>
            </ul>
            <h5>Интерфейс пользователя</h5>
            <ul>
              <li>Автоматический выбор языка, в
                зависимости от SIM карты</li>
              <li>Поддержка русского языка в меню</li>
              <li>Настраиваемое меню</li>
              <li>Анимация в меню</li>
              <li>Настраиваемые профили</li>
            </ul>
            <h5>Память</h5>
            <ul>
              <li>Телефонная книга: 100 номеров в
                памяти телефона + память SIM-карты</li>
              <li>Выбор номера из телефонной книги
                при отправке сообщений</li>
              <li>Извлечение и запись номера
                отправителя в телефонную книгу</li>
              <li>Показ номера абонента или имени
                как заголовок сообщения</li>
              <li>Разные возможности навигации и
                поиска в телефонной книге</li>
              <li>Автоматическое запоминание
                последних<br>
', '0.1', '74.99', '387_sc35i.jpg', '10', '549_sc35i_small.jpg', '1', '0', '0', '', '1', '', '0', '');
INSERT INTO SS_products (productID, categoryID, name, description, customers_rating, Price, picture, in_stock, thumbnail, customer_votes, items_sold, show_as_special_offer, big_picture, enabled, brief_description, list_price, product_code) VALUES ('31', '14', 'Samsung A300', '            <h5>Стандарт</h5>
            <ul>
              <li>Двухстандартный (GSM 900/1800)</li>
            </ul>
            <!--h5>Механические характеристики</h5>
<ul>
  <li>
(базовые характеристики "размеры" и
    "вес" вынесены в отдельные поля;
    здесь - дополнительные характеристики)</li>
</ul-->
            <h5>Дисплей</h5>
            <ul>
              <li>Графический высококонтрастный
                дисплей
                <ul>
                  <li>128 x 128 пикселей</li>
                  <li>6 строк текста</li>
                </ul>
              </li>
              <li>Дополнительный дисплей на
                внешней крышке
                <ul>
                  <li>80х48 пикселей</li>
                  <li>Голубая подсветка</li>
                </ul>
              </li>
            </ul>
            <h5>Клавиатура</h5>
            <ul>
              <li>Блокировка клавиатуры</li>
              <li>Ответ на звонок любой кнопкой</li>
              <li>Стирание последнего символа или
                всего экрана</li>
              <li>Код выхода на международную сеть (+)</li>
              <li>Звуковая индикация нажатия</li>
            </ul>
            <h5>Управление звуковыми сигналами</h5>
            <ul>
              <li>47 мелодий и 3 тона</li>
              <li>Программируемые мелодии</li>
              <li>Виброзвонок</li>
            </ul>
            <h5>Органайзер</h5>
            <ul>
              <li>Часы и будильник</li>
              <li>Калькулятор</li>
              <li>Расписание с напоминанием</li>
              <li>Календарь</li>
              <li>Список задач</li>
              <li>Мировое время</li>
            </ul>
            <h5>Память</h5>
            <ul>
              <li>Телефонная книга: 99 ячеек в памяти
                телефона + память SIM-карты</li>
              <li>Выбор номера из телефонной книги
                при отправке сообщений</li>
              <li>Извлечение и запись номера
                отправителя в телефонную книгу</li>
              <li>Показ номера абонента или имени
                как заголовок сообщения</li>
              <li>Разные возможности навигации и
                поиска в телефонной книге</li>
              <li>Автоматическое запоминание
                последних 10 входящих / исходящих /
                оставшихся без ответа звонков</li>
            </ul>
            <!--h5>Функции набора номера</h5>
<ul>
  <li>(голосовой,
    сокращенный, ...)</li>
</ul-->
            <h5>Управление звонками</h5>
            <ul>
              <li>Автодозвон</li>
              <li>Ускоренный набор номера</li>
              <li>Звонки по номерам из памяти и
                телефонной книги</li>
              <li>Конфернц-связь</li>
              <li>Ожидание и удержание звонка</li>
              <li>Переадресация звонков</li>
              <li>Идентификация имени и номера
                звонящего</li>
              <li>Автоматический и ручной выбор
                сети</li>
            </ul>
            <h5>Безопасность и учет разговоров</h5>
            <ul>
              <li>Блокировка клавиатуры</li>
              <li>Предупреждения и ограничения</li>
              <li>Код доступа к телефону</li>
              <li>PIN1, PIN2</li>
            </ul>
            <h5 align="left">Передача данных</h5>
            <ul>
              <li>Поддержка факс-модемной связи до
', '5', '294.99', '539_sgha300.jpg', '10', '0', '2', '0', '0', '', '1', '', '0', '');
INSERT INTO SS_products (productID, categoryID, name, description, customers_rating, Price, picture, in_stock, thumbnail, customer_votes, items_sold, show_as_special_offer, big_picture, enabled, brief_description, list_price, product_code) VALUES ('32', '13', 'BURTON Cruzer', '"freeride/freestyle"', '0', '345', '932_Bur_Cruz_155_m.gif', '10', '174_Bur_Cruz_155_m_small.jpg', '0', '0', '0', '', '1', '', '0', '');
INSERT INTO SS_products (productID, categoryID, name, description, customers_rating, Price, picture, in_stock, thumbnail, customer_votes, items_sold, show_as_special_offer, big_picture, enabled, brief_description, list_price, product_code) VALUES ('33', '12', 'Roces Khuti', 'Отличные ролики то Roces!', '2.95', '179', '919_khuti.jpg', '5', '294_khuti_small.jpg', '4', '5', '0', '', '1', '', '0', '');
INSERT INTO SS_products (productID, categoryID, name, description, customers_rating, Price, picture, in_stock, thumbnail, customer_votes, items_sold, show_as_special_offer, big_picture, enabled, brief_description, list_price, product_code) VALUES ('34', '12', 'Roces Majestic 12', '', '5', '149', '327_m12.jpg', '10', '157_m12_small.jpg', '2', '0', '0', '', '1', '', '0', '');
INSERT INTO SS_products (productID, categoryID, name, description, customers_rating, Price, picture, in_stock, thumbnail, customer_votes, items_sold, show_as_special_offer, big_picture, enabled, brief_description, list_price, product_code) VALUES ('35', '12', 'Rollerblade TRS Access', 'Новая модель от RB', '0', '0', '643_RBaccess.jpg', '16', '337_RBaccess_small.jpg', '0', '0', '0', '', '1', '', '0', '');
INSERT INTO SS_products (productID, categoryID, name, description, customers_rating, Price, picture, in_stock, thumbnail, customer_votes, items_sold, show_as_special_offer, big_picture, enabled, brief_description, list_price, product_code) VALUES ('36', '39', 'Штаны', '', '0', '19', '697_192.gif', '54', '315_192_small.jpg', '0', '1', '0', '', '1', '', '0', '');
INSERT INTO SS_products (productID, categoryID, name, description, customers_rating, Price, picture, in_stock, thumbnail, customer_votes, items_sold, show_as_special_offer, big_picture, enabled, brief_description, list_price, product_code) VALUES ('37', '38', 'Штаны', '', '0', '21', '693_193.gif', '0', '116_193_small.jpg', '0', '0', '0', '', '1', '', '0', '');
INSERT INTO SS_products (productID, categoryID, name, description, customers_rating, Price, picture, in_stock, thumbnail, customer_votes, items_sold, show_as_special_offer, big_picture, enabled, brief_description, list_price, product_code) VALUES ('38', '40', 'Кофта', 'от Roces:)', '1.55', '47', '194_095.gif', '3', '480_095_small.jpg', '2', '0', '0', '', '1', '', '0', '');
INSERT INTO SS_products (productID, categoryID, name, description, customers_rating, Price, picture, in_stock, thumbnail, customer_votes, items_sold, show_as_special_offer, big_picture, enabled, brief_description, list_price, product_code) VALUES ('39', '21', 'Diamond Rio Volt', 'Это первый CD-MP3 плейер в линейке продуктов компании SonicBLUE (Diamond/S3). Плейер имеет стильный дизайн, большой информативный экран, пульт дистанционного управления, поддерживает форматы MP3, WMA, способен работать с CD-R и CD-RW дисками.', '3.81364', '149', 'riovolt_b.jpg', '42220', '697_riovolt_b_small.jpg', '22', '35', '1', '', '1', '', '173', '');
INSERT INTO SS_products (productID, categoryID, name, description, customers_rating, Price, picture, in_stock, thumbnail, customer_votes, items_sold, show_as_special_offer, big_picture, enabled, brief_description, list_price, product_code) VALUES ('41', '21', 'MPIO С-32 FM', 'Компактный проигрыватель MP3 файлов, а также: радио, диктофон и записная книжка "в одном флаконе". Объем памяти 32(64)Мb, слот расширения памяти, есть возможность подключения модуля цифровой фотокамеры!', '0', '148', '688_mpio[big].gif', '1011', '812_mpio[big]_small.jpg', '0', '0', '0', '', '1', '', '0', '');
INSERT INTO SS_products (productID, categoryID, name, description, customers_rating, Price, picture, in_stock, thumbnail, customer_votes, items_sold, show_as_special_offer, big_picture, enabled, brief_description, list_price, product_code) VALUES ('44', '20', 'Без лица', 'фильм Джона Ву<br>
в ролях: Джон Траволта, Николас Кедж<br>
жанр: боевик', '2.65', '22.99', '548_4578.jpg', '1', '580_4578_small.jpg', '14', '9', '0', '', '1', 'фильм Джона Ву<br>
в ролях: Джон Траволта, Николас Кедж', '0', '');
INSERT INTO SS_products (productID, categoryID, name, description, customers_rating, Price, picture, in_stock, thumbnail, customer_votes, items_sold, show_as_special_offer, big_picture, enabled, brief_description, list_price, product_code) VALUES ('45', '47', 'Coca-Cola', 'без комментариев', '3.33333', '0.99', '732_469.jpg', '23462', '0', '6', '10', '0', '', '1', '2 литра', '1.12', '');
INSERT INTO SS_products (productID, categoryID, name, description, customers_rating, Price, picture, in_stock, thumbnail, customer_votes, items_sold, show_as_special_offer, big_picture, enabled, brief_description, list_price, product_code) VALUES ('112', '71', 'Гарри Поттер. Магический глаз. Альбом с 3D картинками', '', '3.8', '3', '26949.jpg', '44444', '26949s.jpg', '1', '0', '0', '', '1', '', '0', '');
INSERT INTO SS_products (productID, categoryID, name, description, customers_rating, Price, picture, in_stock, thumbnail, customer_votes, items_sold, show_as_special_offer, big_picture, enabled, brief_description, list_price, product_code) VALUES ('113', '73', 'Visual C++ и MFC', 'Книга посвящена объектно-ориентированному программированию для 32-разрядных систем Windows 95/98 и Windows NT с использованием компилятора Visual C++ 6 и библиотеки классов MFC версии 4.23. Книга содержит исчерпывающую информацию о библиотеке классов MFC (Microsoft Foundation Classes) и методах создания приложений Windows на основе классов этой библиотеки, а также большое количество наглядных и подробно прокомментированных примеров приложений, полные тексты которых приведены на сопроводительной дискете. Для программистов, владеющих языками С и С++ и имеющих опыт программирования в системе Windows 
', '0', '17', '4064.jpg', '1245', '4064s.jpg', '0', '0', '0', '', '1', 'Книга посвящена объектно-ориентированному программированию для 32-разрядных систем Windows 95/98 и Windows NT с использованием', '0', '');
INSERT INTO SS_products (productID, categoryID, name, description, customers_rating, Price, picture, in_stock, thumbnail, customer_votes, items_sold, show_as_special_offer, big_picture, enabled, brief_description, list_price, product_code) VALUES ('114', '73', 'Профессиональное PHP программирование', 'Эта книга о программировании на PHP - языке сценариев, выполняющихся на стороне сервера для создания динамических веб-страниц. Его можно использовать совместно со многими технологиями, и в этой книге вы найдете подробности об интеграции PHP с базами данных, LDAP, XML и почтовым сервером IMAP. В книге вы найдете полное описание PHP: от инсталляции на сервере и конфигурирования интерпретатора языка PHP до примера проектирования сложного динамического приложения. Кроме того, рассматривается работа с базами данных и каталогами, с динамической графикой и XML. Хотя большая часть книги посвящена PHP3, информацию о новых возможностях, предоставляемых PHP4, вы тоже найдете.
Книга написана профессиональными программистами для разработчиков, которые хотят достичь подлинного мастерства в осуществлении своих веб-проектов. Специалистам в области CGI-программирования быстро развивающаяся и набирающая популярность технология PHP предоставит скорость и удобство разработки. Предполагается, что у читателя есть некоторые базовые познания web-технологий. Он должен быть в состоянии работать с HTML, иметь опыт создания программ на каком-либо из многочисленных языков сценариев или программирования и некоторое представление о том, как работает система распределенной информации в Сети. Предполагается также наличие знакомства хотя бы с принципами работы баз данных. Книга является признанным учебником по данному предмету, хорошо известна среди специалистов и имеет весьма положительные отзывы.', '0', '15', '8472.jpg', '1235311', '8472s.jpg', '0', '1', '0', '', '1', 'Эта книга о программировании на PHP - языке сценариев, выполняющихся на стороне сервера для создания динамических веб-страниц.', '18', '');
INSERT INTO SS_products (productID, categoryID, name, description, customers_rating, Price, picture, in_stock, thumbnail, customer_votes, items_sold, show_as_special_offer, big_picture, enabled, brief_description, list_price, product_code) VALUES ('121', '63', 'Lotus Esprit', 'n/a', '0', '72000', '', '3', '', '0', '0', '0', '', '1', '1 шт.', '80000', '');
INSERT INTO SS_products (productID, categoryID, name, description, customers_rating, Price, picture, in_stock, thumbnail, customer_votes, items_sold, show_as_special_offer, big_picture, enabled, brief_description, list_price, product_code) VALUES ('122', '64', 'Lamborghini Diablo', '', '0', '190000', '', '1', '', '0', '0', '0', '', '1', '', '230000', '');
INSERT INTO SS_products (productID, categoryID, name, description, customers_rating, Price, picture, in_stock, thumbnail, customer_votes, items_sold, show_as_special_offer, big_picture, enabled, brief_description, list_price, product_code) VALUES ('123', '82', 'SyncMaster 15', '', '0', '200', '', '56', '', '0', '0', '0', '', '1', '15"', '210', '');
INSERT INTO SS_products (productID, categoryID, name, description, customers_rating, Price, picture, in_stock, thumbnail, customer_votes, items_sold, show_as_special_offer, big_picture, enabled, brief_description, list_price, product_code) VALUES ('124', '82', 'SyncMaster 17', '', '0', '300', '', '31', '', '0', '0', '0', '', '1', '17"', '0', '');
INSERT INTO SS_products (productID, categoryID, name, description, customers_rating, Price, picture, in_stock, thumbnail, customer_votes, items_sold, show_as_special_offer, big_picture, enabled, brief_description, list_price, product_code) VALUES ('125', '82', 'SyncMaster 19', '', '0', '400', '', '9', '', '0', '0', '0', '', '1', '19"', '0', '');
INSERT INTO SS_discussions (DID, productID, Author, Body, add_time, Topic) VALUES ('1', '13', '346314', 'jndfmbncbvnmrymtym
e
tym
et
ym
etymety,', '2003-09-01 19:38:02', '1354gf');
INSERT INTO SS_discussions (DID, productID, Author, Body, add_time, Topic) VALUES ('3', '4', 'hjmfhjgm', '56755', '2003-09-01 20:55:23', 'fhj,hg');
