<?xml version="1.0"?><phpdoc><class name="GUI" extends="" undoc="false" access="public" package="iWare Professional"><file>../iware3.0.9/admin/gui.php</file><doc><author>David N. Simmons &amp;lt;http://www.dsiware.com&amp;gt;</author><description/><shortdescription>Abstraction class used to generate HTML interfaces</shortdescription><version>3.0.9</version><copyright>iWare 2002,2003</copyright></doc><function name="Message" undoc="false" access="public"><doc><parameter name="$msg" type="string">Text to be displayed in the JavaScript alert box</parameter><return type="void"/><description/><shortdescription>Outputs JavaScript used to send an alert message</shortdescription></doc></function><function name="Navigate" undoc="false" access="public"><doc><parameter name="$url" type="string">Relative or absolute URL to redirect to</parameter><return type="void"/><description/><shortdescription>Outputs JavaScript used to redirect a browser window</shortdescription></doc></function><function name="OpenWidget" undoc="false" access="public"><doc><parameter name="$titlebar" type="string">Text to be displayed in the widget interfaces titlebar area</parameter><parameter name="$size" default="600" type="integer">Width of the widget interface in pixels, if not supplied the dfault with of 600 pixels will be used</parameter><return type="void"/><description/><shortdescription>Outputs an opening container table for a program interface with a titlebar and set width</shortdescription></doc></function><function name="CloseWidget" undoc="false" access="public"><doc><return type="void"/><description/><shortdescription>Outputs a closing container table for a program interface</shortdescription></doc></function><function name="OpenForm" undoc="false" access="public"><doc><parameter name="$name" type="string">The value used for the HTML forms name attribute</parameter><parameter name="$action" type="string">The value used for the HTML forms action attribute</parameter><parameter name="$onsubmit" type="string">The value used for the HTML forms onSubmit () JavaScript event</parameter><return type="void"/><description/><shortdescription>Outputs an opening HTML form for POST data</shortdescription></doc></function><function name="CloseForm" undoc="false" access="public"><doc><return type="void"/><description/><shortdescription>Outputs a closing HTML form element</shortdescription></doc></function><function name="Label" undoc="false" access="public"><doc><parameter name="$text" type="string">Text to be displayed as the label</parameter><return name="" type="string"/><description/><shortdescription>Returns a text label</shortdescription></doc></function><function name="CheckBox" undoc="false" access="public"><doc><parameter name="$name" type="string">The value used for the HTML checkbox name attribute</parameter><parameter name="$value" type="string">The value used for the HTML checkbox value attribute</parameter><parameter name="$checked" default="0" type="integer">Sets the initial state of the checkbox, 1 = checked, 0 = unchecked. If the value is not supplied 0 will be used as the default</parameter><return name="" type="string"/><description/><shortdescription>Returns a HTML checkbox element</shortdescription></doc></function><function name="RadioOption" undoc="false" access="public"><doc><parameter name="$name" type="string">The value used for the HTML radio option name attribute</parameter><parameter name="$value" type="string">The value used for the HTML radio option value attribute</parameter><parameter name="$checked" default="0" type="integer">Sets the initial state of the radio option, 1 = checked, 0 = unchecked. If the value is not supplied 0 will be used as the default</parameter><return name="" type="string"/><description/><shortdescription>Returns a HTML radio option element</shortdescription></doc></function><function name="TextBox" undoc="false" access="public"><doc><parameter name="$name" type="string">The value used for the HTML text box name attribute</parameter><parameter name="$value" type="string">The value used for the HTML text box value attribute</parameter><parameter name="$size" type="integer">The value used for the HTML text box size attribute</parameter><return name="" type="string"/><description/><shortdescription>Returns a HTML text box</shortdescription></doc></function><function name="PwdBox" undoc="false" access="public"><doc><parameter name="$name" type="string">The value used for the HTML password box name attribute</parameter><parameter name="$value" type="string">The value used for the HTML password box value attribute</parameter><parameter name="$size" type="integer">The value used for the HTML text password size attribute</parameter><return name="" type="string"/><description/><shortdescription>Returns a HTML password box</shortdescription></doc></function><function name="Hidden" undoc="false" access="public"><doc><parameter name="$name" type="string">The value used for the HTML password box name attribute</parameter><parameter name="$value" type="string">The value used for the HTML password box value attribute</parameter><return name="" type="string"/><description/><shortdescription>Returns a HTML hidden form element</shortdescription></doc></function><function name="TextArea" undoc="false" access="public"><doc><parameter name="$name" type="string">The value used for the HTML text area box name attribute</parameter><parameter name="$value" type="string">The value used for the HTML text area box value attribute</parameter><parameter name="$rows" type="integer">The value used for the HTML  text area rows attribute</parameter><parameter name="$cols" type="integer">The value used for the HTML  text area cols attribute</parameter><return name="" type="string"/><description/><shortdescription>Returns a HTML text area box</shortdescription></doc></function><function name="OpenListBox" undoc="false" access="public"><doc><parameter name="$name" type="string">The value used for the HTML select box name attribute</parameter><parameter name="$size" type="integer">The value used for the select box size attribute</parameter><parameter name="$multiple" default="0" type="integer">Sets the allow single or multiple selection state, 1 = multiple 0 = single. If this value is not given the default of 0 will be used</parameter><return type="void"/><description/><shortdescription>Outputs an opening HTML select box element</shortdescription></doc></function><function name="ListOption" undoc="false" access="public"><doc><parameter name="$value" type="string">The value used for the option name attribute</parameter><parameter name="$label" type="string">The value used for the option display text</parameter><parameter name="$selected" default="0" type="integer">Sets the option selection state, 1 = selected 0 = unselected. If this value is not given the default of 0 will be used</parameter><return type="void"/><description/><shortdescription>Outputs a HTML select box option element</shortdescription></doc></function><function name="CloseListBox" undoc="false" access="public"><doc><return type="void"/><description/><shortdescription>Outputs an closing HTML select box element</shortdescription></doc></function><function name="Button" undoc="false" access="public"><doc><parameter name="$label" type="string">Text to be displayed on the button</parameter><return name="" type="string"/><description/><shortdescription>Returns a HTML submit button for use in forms</shortdescription></doc></function><function name="Hyperlink" undoc="false" access="public"><doc><parameter name="$label" type="string">Text to be displayed in the hyperlink</parameter><parameter name="$url" type="string">Relative or absolute URL to link to</parameter><parameter name="$target" default="&amp;quot;&amp;quot;" type="string">Value to be used as the HTML target attribute, options include _self, _blank</parameter><return type="void"/><description/><shortdescription>Outputs a textual hyperlink</shortdescription></doc></function><function name="PageBody" undoc="false" access="public"><doc><parameter name="$is_mod" default="0" type="integer">Determines how to set the URL to the background image used in the body tag. If set to 1 the URL of the background image will be adjusted accordingly for use in a module. If this value is not given the default of 0 will be used.</parameter><return type="void"/><description/><shortdescription>Outputs an opening HTML body tag with defined attributes</shortdescription></doc></function></class></phpdoc>