<?xml version="1.0"?><phpdoc><index><chapter char="G"><element type="class" source="" sourcetype="class" name="GUI">Abstraction class used to generate HTML interfaces</element><element type="functions" source="IWARE" sourcetype="class" name="Group_Manager">Outputs the group management interface</element><element type="functions" source="IWARE" sourcetype="class" name="Group_AddForm">Outputs the add new group interface</element><element type="functions" source="IWARE" sourcetype="class" name="Group_Add">Adds a user group to the system</element><element type="functions" source="IWARE" sourcetype="class" name="Group_UpdateForm">Outputs the edit user group interface</element><element type="functions" source="IWARE" sourcetype="class" name="Group_Update">Updates an existing user group in the system</element><element type="functions" source="IWARE" sourcetype="class" name="Group_Delete">Deletes a user group from the system</element><element type="functions" source="IWARE" sourcetype="class" name="Group_GetCount">Returns a total count of all user groups defined in the system</element><element type="functions" source="IWARE" sourcetype="class" name="Group_GetGroupList">Returns an array containing the record ID of all user groups defined in the system</element><element type="functions" source="IWARE" sourcetype="class" name="Group_GetGroupName">Retuns the name of a user group by its record ID</element><element type="functions" source="IWARE" sourcetype="class" name="Group_GetGroupAuth">Returns an associative array of permission levels for control panel functions for a given user group</element><element type="functions" source="IWARE" sourcetype="class" name="GetFontsArray">Returns an array of font names avaialble to the system from the fonts/DEFAULT support file</element></chapter><chapter char="M"><element type="functions" source="GUI" sourcetype="class" name="Message">Outputs JavaScript used to send an alert message</element><element type="functions" source="IWARE" sourcetype="class" name="Mod_Manager">Outputs the initial modules management interface to the user, if no modules are present in the mods/ directory of the installation the interface will not be displayed</element><element type="functions" source="IWARE" sourcetype="class" name="Mod_ListBox">Outputs a number of HTML form option elements containing names of modules avaialable to the system from the mods/ directory of the installation</element><element type="functions" source="IWARE" sourcetype="class" name="Mod_GetCount">Returns a total count of all modules avalable to the system from the mods/ directory of the installation</element><element type="functions" source="IWARE" sourcetype="class" name="Mod_MissingDB">This method is now deprecated</element></chapter><chapter char="N"><element type="functions" source="GUI" sourcetype="class" name="Navigate">Outputs JavaScript used to redirect a browser window</element><element type="functions" source="IWARE" sourcetype="class" name="Nav_Manager">Outputs the navigation manager interface</element><element type="functions" source="IWARE" sourcetype="class" name="Nav_Choose">Updates the active navigation for the site at a global level</element><element type="functions" source="IWARE" sourcetype="class" name="Nav_ListBox">Outputs a number of HTML form option elements containing navigation styles available to the system form the navbar/ directory of the installation</element><element type="functions" source="IWARE" sourcetype="class" name="Nav_Recurse">Works with Nav_Order () to recursively output the site document structure to the user</element><element type="functions" source="IWARE" sourcetype="class" name="Nav_Order">Outputs the navigation ordering interface</element><element type="functions" source="IWARE" sourcetype="class" name="Nav_OrderUpdateRecurse">Works with Nav_OrderUpdate () to recursively update the site document structure navigation ordering</element><element type="functions" source="IWARE" sourcetype="class" name="Nav_OrderUpdate">Updates changes made to the site navigation order</element><element type="functions" source="IWARE" sourcetype="class" name="Nav_GetLinkText">Returns the link text for a given document by its record ID</element><element type="functions" source="IWARE" sourcetype="class" name="Nav_GetNav">Returns an array containg the ID of all documents defined in the system for use with navigation</element><element type="functions" source="IWARE" sourcetype="class" name="Nav_GetSubNav">Returns an array containg the ID of all documents defined in the system beneath a given document by its record ID</element><element type="functions" source="IWARE" sourcetype="class" name="Nav_HasSubNav">Returns TRUE if a given document has existing documents defined as child documents beneath it, returns FALSE otherwise</element><element type="functions" source="IWARE" sourcetype="class" name="Nav_GetCount">Retuns a total count of all navigation styles availabkle to the system from the navbar/ directory of the installation</element></chapter><chapter char="O"><element type="functions" source="GUI" sourcetype="class" name="OpenWidget">Outputs an opening container table for a program interface with a titlebar and set width</element><element type="functions" source="GUI" sourcetype="class" name="OpenForm">Outputs an opening HTML form for POST data</element><element type="functions" source="GUI" sourcetype="class" name="OpenListBox">Outputs an opening HTML select box element</element></chapter><chapter char="C"><element type="functions" source="GUI" sourcetype="class" name="CloseWidget">Outputs a closing container table for a program interface</element><element type="functions" source="GUI" sourcetype="class" name="CloseForm">Outputs a closing HTML form element</element><element type="functions" source="GUI" sourcetype="class" name="CheckBox">Returns a HTML checkbox element</element><element type="functions" source="GUI" sourcetype="class" name="CloseListBox">Outputs an closing HTML select box element</element><element type="functions" source="IWARE" sourcetype="class" name="Client_GetMETATitle">Returns the META title for a given document by its record ID</element><element type="functions" source="IWARE" sourcetype="class" name="Client_GetMETAKeywords">Returns the META keywords for a given document by its record ID</element><element type="functions" source="IWARE" sourcetype="class" name="Client_GetMETADescription">Returns the META description for a given document by its record ID</element><element type="functions" source="IWARE" sourcetype="class" name="Client_GetSkin">Returns the current active skin name for the site</element><element type="functions" source="IWARE" sourcetype="class" name="Client_GetNav">Returns the current active navigation style for the site</element><element type="functions" source="IWARE" sourcetype="class" name="Client_GetContent">Outputs the content for a requested document, and also optionally processes variables posted for use with any embedded modules in a given doument</element><element type="functions" source="IWARE" sourcetype="class" name="Client_GetHeader">Ouputs the site header as HTML / text or as an image dependingon the configured header display mode</element><element type="functions" source="IWARE" sourcetype="class" name="Client_GetFooter">Outputs the site footer as HTML / text</element></chapter><chapter char="L"><element type="functions" source="GUI" sourcetype="class" name="Label">Returns a text label</element><element type="functions" source="GUI" sourcetype="class" name="ListOption">Outputs a HTML select box option element</element><element type="functions" source="IWARE" sourcetype="class" name="LoadFontsListBox">Ouputs a number of HTML form option elements containing names of fonts available to the system from the fonts/DEFAULT support file</element></chapter><chapter char="R"><element type="functions" source="GUI" sourcetype="class" name="RadioOption">Returns a HTML radio option element</element></chapter><chapter char="T"><element type="functions" source="GUI" sourcetype="class" name="TextBox">Returns a HTML text box</element><element type="functions" source="GUI" sourcetype="class" name="TextArea">Returns a HTML text area box</element></chapter><chapter char="P"><element type="functions" source="GUI" sourcetype="class" name="PwdBox">Returns a HTML password box</element><element type="functions" source="GUI" sourcetype="class" name="PageBody">Outputs an opening HTML body tag with defined attributes</element></chapter><chapter char="H"><element type="functions" source="GUI" sourcetype="class" name="Hidden">Returns a HTML hidden form element</element><element type="functions" source="GUI" sourcetype="class" name="Hyperlink">Outputs a textual hyperlink</element><element type="functions" source="IWARE" sourcetype="class" name="Header_Manager">Outputs the site header management interface</element><element type="functions" source="IWARE" sourcetype="class" name="Header_Update">Updates changes made to the site header</element><element type="functions" source="IWARE" sourcetype="class" name="Header_ImageListBox">Outputs a number of HTML form option tags containing names of images present in the system from the files/ directory of the installation</element><element type="functions" source="IWARE" sourcetype="class" name="Header_FontListBox">This method is an alias to LoadFontsListBox ()</element><element type="functions" source="IWARE" sourcetype="class" name="Header_FontSizeListBox">Outputs a number of HTML form option elements containing font size in points from 1 to 8</element></chapter><chapter char="B"><element type="functions" source="GUI" sourcetype="class" name="Button">Returns a HTML submit button for use in forms</element></chapter><chapter char="I"><element type="class" source="" sourcetype="class" name="IWARE">Core iWare application class</element><element type="functions" source="IWARE" sourcetype="class" name="IWARE">Class constructor (runs upon intialization of the class). Establishes a datbase connection and selectes the database for use by the application.</element></chapter><chapter char="c"><element type="functions" source="IWARE" sourcetype="class" name="connectDb">Connects to the configured MySQL database and stores the connection handle returned to class variable</element><element type="functions" source="IWARE" sourcetype="class" name="closeDb">Closes an open connection to the MySQL database (if open)</element><element type="functions" source="IWARE" sourcetype="class" name="countResult">Returns the total number of rows returned from a sql query</element></chapter><chapter char="s"><element type="functions" source="IWARE" sourcetype="class" name="selectDb">Selects the configured MySQL database for use</element></chapter><chapter char="q"><element type="functions" source="IWARE" sourcetype="class" name="query">Issues a MySQL query and returns the returned result from the query where applicable</element></chapter><chapter char="r"><element type="functions" source="IWARE" sourcetype="class" name="result">Returns the data present in a result set for a specific row number and field name</element><element type="functions" source="IWARE" sourcetype="class" name="resizeImage">Uses GDLib supprt in PHP to resize an uploaded image to specified dimensions. Returns FALSE if the required GDLib support is not enabled for PHP, TRUE otherwise.</element></chapter><chapter char="f"><element type="functions" source="IWARE" sourcetype="class" name="freeResult">Frees a existing MySQL result set from memory</element></chapter><chapter char="S"><element type="functions" source="IWARE" sourcetype="class" name="StatDB">Returns the current version of the installed MySQL server software</element><element type="functions" source="IWARE" sourcetype="class" name="SystemSummary">Outputs the system summary interface</element><element type="functions" source="IWARE" sourcetype="class" name="Skins_Manager">Outputs the choose active skin interface</element><element type="functions" source="IWARE" sourcetype="class" name="Skins_Choose">Sets the active skin for the site at a global level</element><element type="functions" source="IWARE" sourcetype="class" name="Skins_ListBox">Outputs a number of HTML form option elements containing names of skins available to the system from the skins/ directory of the installation</element><element type="functions" source="IWARE" sourcetype="class" name="Skins_PreviewImage">Outputs a thumbnail screenshot of the currently active skin in the system. If a thumbnail is not available for the given skin name then a no screenshot available message will be displayed instead. The thumbnail image for a given skin must be named screenshot.jpg.</element><element type="functions" source="IWARE" sourcetype="class" name="Skins_GetCount">Returns a total count of all skins available to the system</element></chapter><chapter char="t"><element type="functions" source="IWARE" sourcetype="class" name="tableExists">Checks if a given table exists in the configured database. Returns TRUE if the table exists, false otherwise.</element></chapter><chapter char="a"><element type="functions" source="IWARE" sourcetype="class" name="alreadyLoggedIn">Checks if a user is already logged into the application by checking for the presence of a defined PHP session variable. If the variable is defined then the method will return TRUE</element><element type="functions" source="IWARE" sourcetype="class" name="authUserControl">This method is now deprecated</element></chapter><chapter char="g"><element type="functions" source="IWARE" sourcetype="class" name="getId">Returns the value of an existing PHP session variable</element></chapter><chapter char="m"><element type="functions" source="IWARE" sourcetype="class" name="maybeOpenLogInWindow">Determines whether or not to display the login interface based on whether or not a user has logged into the system and established a valid PHP session variable. If a sesion variable has been defined ( the user is logged in ) then the method will simply return. If the session has not yet been defined then the login dialog will be displayed.</element></chapter><chapter char="l"><element type="functions" source="IWARE" sourcetype="class" name="logon">Attempts to authenticate a user by credentials posted from the login interface. If authentication is sucessfull then this method will return FALSE, otherwise it will return TRUE</element><element type="functions" source="IWARE" sourcetype="class" name="logoff">Log a user out of the application by destroying the existing PHP session variable</element></chapter><chapter char="d"><element type="functions" source="IWARE" sourcetype="class" name="displayLogInDialog">Outputs the user login interface in two states - first time login and failed login</element><element type="variables" source="IWARE" sourcetype="class" name="$dbcon">Variable used to store the active database connection handle</element></chapter><chapter char="E"><element type="functions" source="IWARE" sourcetype="class" name="EncryptPassword">Returns an encrypted versionof a supplied password string</element></chapter><chapter char="U"><element type="functions" source="IWARE" sourcetype="class" name="Users_Manager">Outputs the user management interface</element><element type="functions" source="IWARE" sourcetype="class" name="Users_AddForm">Outputs the add new user interface</element><element type="functions" source="IWARE" sourcetype="class" name="Users_Add">Adds a user account to the system</element><element type="functions" source="IWARE" sourcetype="class" name="Users_UpdateForm">Outputs the edit user account interface</element><element type="functions" source="IWARE" sourcetype="class" name="Users_Update">Updates an existing user account in the system</element><element type="functions" source="IWARE" sourcetype="class" name="Users_Delete">Deletes a user account from the system</element><element type="functions" source="IWARE" sourcetype="class" name="Users_GetCount">Returns a total count of all user accounts defined in the system</element><element type="functions" source="IWARE" sourcetype="class" name="Users_GetUserName">Returns the name of a user account by the user accounts record ID</element><element type="functions" source="IWARE" sourcetype="class" name="Users_GetUserGroup">Returns the ID of a user group of which a user account belongs by the user accounts record ID</element></chapter><chapter char="F"><element type="functions" source="IWARE" sourcetype="class" name="Footer_Manager">Outputs the site footer management interface</element><element type="functions" source="IWARE" sourcetype="class" name="Footer_Update">Updates changes made to the site footer</element><element type="functions" source="IWARE" sourcetype="class" name="File_UploadForm">Outputs the file upload interface</element><element type="functions" source="IWARE" sourcetype="class" name="File_Upload">Uploads a file from the users local hard disk to the webserver and if indicated to do so uses resizeImage () to resixze an image to the specified dimensions after upload</element><element type="functions" source="IWARE" sourcetype="class" name="File_Manager">Outputs the file management interface</element><element type="functions" source="IWARE" sourcetype="class" name="File_Delete">Deletes a file from the files/ directory of the installation</element><element type="functions" source="IWARE" sourcetype="class" name="File_ListBox">Outputs a number of HTML form option elements containg file names from the files/ directory of the installation</element><element type="functions" source="IWARE" sourcetype="class" name="File_GetCount">Returns a total count of files available to the system located in the files/ directory of the installation</element></chapter><chapter char="D"><element type="functions" source="IWARE" sourcetype="class" name="Docs_Recurse">Works with Docs_Manager () to recursively output the site document structure to the user</element><element type="functions" source="IWARE" sourcetype="class" name="Docs_Manager">Outputs the documents manager interface</element><element type="functions" source="IWARE" sourcetype="class" name="Docs_GetNextDocOrder">Returns the next available document navigation ordering value for use when creating a new document in the system</element><element type="functions" source="IWARE" sourcetype="class" name="Docs_GetName">Returns the link text for a given document by its record ID</element><element type="functions" source="IWARE" sourcetype="class" name="Docs_Add">Adds a document to the system</element><element type="functions" source="IWARE" sourcetype="class" name="Docs_Update">Updates changes made to an existing document in the system</element><element type="functions" source="IWARE" sourcetype="class" name="Docs_Delete">Deletes an existing document from the system</element><element type="functions" source="IWARE" sourcetype="class" name="Docs_GetCount">Returns a total count of all documents defined within the system</element><element type="functions" source="IWARE" sourcetype="class" name="Docs_ListBox">Outputs a number of HTML form option elements containing names of documents defined in the system</element></chapter><chapter char="i"><element type="package" source="" sourcetype="" name="iWare Professional"/></chapter></index></phpdoc>